id,item,packSize,numberOfPacks,expiryDate,batch,costPrice,sellPrice,supplier,transactionBatches
75b31e10e14711e7a5872fa61e46d180,<Item>{36},1,11,"2018-08-31 00:00:00 +0000",supplierinvoice_1,0,0,<Name>{159},<TransactionBatch>{51 243 410 1003 1531 3202}
2301e0b0e14811e7a5872fa61e46d180,<Item>{2},1,6662,<null>,supplierinvoice_1,0,0,<Name>{159},<TransactionBatch>{2 233 399 407 448 529 603 1023 1215 1813 1825}
451294b0e14811e7a5872fa61e46d180,<Item>{56},1,3,"2019-11-30 00:00:00 +0000",supplierinvoice_1,0,0,<Name>{159},<TransactionBatch>{36 3005 3600}
7b16ad50e14b11e7a5872fa61e46d180,<Item>{259},1,2,<null>,supplierinvoice_1,0,0,<Name>{159},<TransactionBatch>{15 1016 1439 3021}
37694760e14c11e7a5872fa61e46d180,<Item>{345},1,31000,"2021-09-30 00:00:00 +0000",supplierinvoice_1,0,0,<Name>{159},<TransactionBatch>{35}
467c8820e14c11e7a5872fa61e46d180,<Item>{344},1,4000,"2022-04-30 00:00:00 +0000",supplierinvoice_1,0,0,<Name>{159},<TransactionBatch>{34 4110 4122 4141 4204 4240 4265}
ed01b850f74011e7a8580fb1f78de0a2,<Item>{2},1,154,<null>,supplierinvoice_15,0,0,<Name>{159},<TransactionBatch>{232}
4370f01007ff11e886b3f1f1b7745e45,<Item>{29},1,1,"2018-11-30 00:00:00 +0000",supplierinvoice_19,0,0,<Name>{159},<TransactionBatch>{500 3430}
982d9ee0152511e8884ef1796b006edd,<Item>{340},1,1000,<null>,stocktake_8,0,0,<Name>{159},<TransactionBatch>{697 1314 1333 1380 1416 1470 1591}
037AC4DC4CF7974E9E9E9C041FFD57A0,<Item>{86},1,1300,"2019-02-28 00:00:00 +0000",AAM17004,0,0,<Name>{159},<TransactionBatch>{1051 1430 2408 3203 3211 3214 3416 3497 3585 3592 3601 3606 3654 3780 4035 4245}
C731B9862031C948BB1B33B0BFE0CF5D,<Item>{79},1,35,"2020-09-30 00:00:00 +0000",ID74014,1.51,1.51,<Name>{159},<TransactionBatch>{1131 1148 1149 1153 1157 1183 1194 1195 1198 1262 1284 1303 1322 1354 1367 1388 1405 1457 1502 1530 1537 1553 1618 1631 1650 1709 1735 1773 2034 2097 2183 2218 2321 2398 2516 2656 2748}
d10452a0365d11e88fbccdc0dc0120d2,<Item>{259},1,1,<null>,supplierinvoice_31,0,0,<Name>{159},<TransactionBatch>{1471}
91A9C4A48F1A8748A8AC56F0A55EAB36,<Item>{28},1,79,"2019-06-30 00:00:00 +0000",16018B99,0,0,<Name>{159},<TransactionBatch>{1474 1495 1547 1563 1615 1624 1645 1681 1702 1751 1832 1937 2013 2358 2635 3782 3800 3833 3905 4145 4157 4224}
4F9A4D158F275F4EA9D14C220D2330CA,<Item>{108},1,545,"2020-04-30 00:00:00 +0000",53238A,0,0,<Name>{159},<TransactionBatch>{1481 2100 2125 2175 2257 2322 2383 2421 2451 2570 2584 2620 2642 2660 2704 2726 2750 2776}
D6892714DB8721428AA3AF4E06B53067,<Item>{251},1,300,"2022-09-30 00:00:00 +0000",20170915,0,0,<Name>{159},<TransactionBatch>{1490 1581 1589 2949 4159}
9CA2D5E2FA29274CA44E0EF9CEF6BB16,<Item>{340},1,1800,<null>,supplierinvoice_36,0,0,<Name>{159},<TransactionBatch>{1605}
74F86FBBAA5D774F8F9C89818F4D5478,<Item>{94},1,250,"2019-12-31 00:00:00 +0000",supplierinvoice_47,0,0,<Name>{159},<TransactionBatch>{1816 2295 2364 2459 2471 2517 2601 2615 2619 2640 2657 2723}
6FFD7C8F46E9C04F85BF40D8609D62F2,<Item>{5},1,800,"2020-10-31 00:00:00 +0000",supplierinvoice_52,0,0,<Name>{159},<TransactionBatch>{2147}
1025B14BE3BA0540B82656DC41EC1570,<Item>{352},1,26,<null>,supplierinvoice_52,0,0,<Name>{159},<TransactionBatch>{2149 4061 4142 4160 4205 4218 4241}
1898B4640D07BE42A47D40396E3E0FC3,<Item>{108},1,400,"2020-11-30 00:00:00 +0000",supplierinvoice_52,0,0,<Name>{159},<TransactionBatch>{2150}
3CA5D64918759D4785F08C6DAFB799D3,<Item>{311},1,170,"2021-02-28 00:00:00 +0000",supplierinvoice_52,0,0,<Name>{159},<TransactionBatch>{2153 3087}
4034109B18EF334F92A78B609BFEFBC4,<Item>{58},1,230,"2022-10-31 00:00:00 +0000",7J702225,0,0,<Name>{159},<TransactionBatch>{2156 3095}
7C0815F33D933240AFE8DCF5BBA659AD,<Item>{75},1,400,"2020-11-30 00:00:00 +0000",QK6663,0,0,<Name>{159},<TransactionBatch>{2157 3625 3640 3691 3710 3805 3821 3901 3975 4047 4227}
857AF6BF0F43724CAF091C23E9D72676,<Item>{210},1,200,<null>,supplierinvoice_54,0.04,0.04,<Name>{159},<TransactionBatch>{2160}
2CEFC366FEFB734A9D0E351B2C95B91E,<Item>{199},1,13,<null>,supplierinvoice_55,0,0,<Name>{159},<TransactionBatch>{2164 3306 3545 3574 3750 4055 4161}
4044FB575F385949AF0FE3873D4146EB,<Item>{352},1,10,<null>,supplierinvoice_57,0,0,<Name>{159},<TransactionBatch>{2288}
F5C1DB587B135A4BB27F5760A731FE70,<Item>{296},1,453,"2023-01-31 00:00:00 +0000",supplierinvoice_58,2.08,2.08,<Name>{159},<TransactionBatch>{2345 2426 2476 2493 2609 2648 2665 2710 2755}
983a21206dfd11e88503534efd32787c,<Item>{108},1,25,"2020-11-30 00:00:00 +0000",supplierinvoice_61,0,0,<Name>{159},<TransactionBatch>{2489}
f10e9ba06dfd11e88503534efd32787c,<Item>{197},1,10,<null>,supplierinvoice_61,0,0,<Name>{159},<TransactionBatch>{2491 4238}
6B16000631EF3F4B9F4C390B5E818F6A,<Item>{177},1,1900,"2021-02-28 00:00:00 +0000",supplierinvoice_69,0,0,<Name>{159},<TransactionBatch>{2786 3036 3103 3123 3162 3175 3193 3277 3385 3405 3465 3519 3529 3544 3617 3630 3682 3697 3718 3813 3827 3895 3911 3936 3965 3990 4053 4070 4084 4199 4236}
25E23DAA4829BA438D9EC11A5FEB2D36,<Item>{296},1,11,"2020-11-30 00:00:00 +0000",supplierinvoice_69,2.08,2.08,<Name>{159},<TransactionBatch>{2787 2827 2865 3065 3085 3125 3279 3295 3467 3521 3618 3720 3844 3861 3893 3952 3966 3985 3991 4057 4071 4086 4151 4202 4239 4263}
BCD6FDCA3B99954C9CFA51DC6E2639AC,<Item>{311},1,2400,"2022-09-30 00:00:00 +0000",supplierinvoice_69,0,0,<Name>{159},<TransactionBatch>{2788}
7B25DBC92F3A6C43BC534103D730DF44,<Item>{5},1,950,"2020-09-30 00:00:00 +0000",20171009,0.06,0.06,<Name>{159},<TransactionBatch>{2790 3179 3265 3332 3346 3357 3391 3451 3531 3634 3672 3687 3703 3729 3796 3816 3921 4074 4156 4221}
6F4D269D482B2D4F8E0B74737B8BA7C2,<Item>{22},1,36,"2020-06-30 00:00:00 +0000",247,0,0,<Name>{159},<TransactionBatch>{2791 3264 3322 3335 3347 3358 3373 3414 3436 3441 3452 3482 3506 3532 3551 3563 3635 3688 3704 3724 3730 3754 3798 3849 3920 3926 3944 3953 3995 4043 4063 4075 4100 4114 4130 4171 4190 4208 4222}
1ABA0D1FA1A6E34D907903F7498DA646,<Item>{33},1,10,"2020-10-31 00:00:00 +0000",MZP026,0,0,<Name>{159},<TransactionBatch>{2793 3707 3732 3756 3802 3819 3834 3851 3904 3919 3928 3946 3955 3972 3996 4045 4078}
B31D5DBFD5433B4ABDF210DA00693530,<Item>{58},1,1900,"2022-10-31 00:00:00 +0000",7J702225,0,0,<Name>{159},<TransactionBatch>{2795}
3D7A06C8D92B2A4392C6C14B2A36C8B5,<Item>{75},1,2950,"2020-11-30 00:00:00 +0000",QK6663,0,0,<Name>{159},<TransactionBatch>{2796 3659}
78221DAFAF7BC44195C78F35356A4941,<Item>{80},1,1512,"2019-09-30 00:00:00 +0000",3856093,0,0,<Name>{159},<TransactionBatch>{2797 2914 2953 2967 2990 3029 3079 3105 3117 3139 3156 3172 3187 3234 3248 3271 3300 3327 3339 3352 3360 3379 3397 3432 3458 3474 3487 3513 3538 3554 3569 3626 3641 3658 3676 3711 3735 3752 3759 3806 3822 3837 3854 3867 3900 3916 3931 3949 3958 3969 3976 3997 4048 4080 4104 4117 4134 4154 4194 4211 4228 4257}
B1B33D499DEEB84EA910AA59DDE0A3D4,<Item>{391},1,4200,"2020-05-31 00:00:00 +0000",173132161,0,0,<Name>{159},<TransactionBatch>{2798 3463 3476 3489 3516 3527 3541 3556 3571 3628 3644 3679 3696 3715 3725 3738 3748 3762 3771 3810 3825 3842 3857 3869 3878 3888 3898 3914 3933 3951 3962 3970 3980 3999 4050 4067 4082 4091 4106 4119 4126 4136 4196 4214 4233 4259}
9C5D1FDB27F89443BA563481494F4CF8,<Item>{79},1,86,"2019-07-31 00:00:00 +0000",PA2647H,0,0,<Name>{159},<TransactionBatch>{2799 2824 2992 3097 3838 4212 4229}
FE35C1132B3DC342B1CCBE46F916DF5C,<Item>{86},1,1000,"2019-02-28 00:00:00 +0000",AAM17004,0,0,<Name>{159},<TransactionBatch>{2800}
35476EDA7F96AA4E972117127034DC58,<Item>{94},1,350,"2019-11-30 00:00:00 +0000",324987,0,0,<Name>{159},<TransactionBatch>{2803 2874 2895 2936 3693 3839 3977 4148 4176 4230}
29A34CA03B87364185742EE151C323FE,<Item>{93},1,24300,"2020-03-31 00:00:00 +0000",CP7002,0,0,<Name>{159},<TransactionBatch>{2805 3403 3435 3446 3461 3477 3494 3517 3542 3557 3572 3629 3648 3680 3716 3744 3749 3763 3811 3858 3870 3879 3897 3913 3934 3963 3981 3988 4000 4051 4068 4083 4092 4112 4124 4127 4137 4150 4197 4215 4234 4260}
8FA7D9A55DD72B459346ECB0E8915E60,<Item>{108},1,872,"2020-03-31 00:00:00 +0000",71168B,0,0,<Name>{159},<TransactionBatch>{2806 2825 2842 2860 2917 2939 2955 2969 3031 3081 3119 3158 3174 3189 3255 3273 3289 3324 3364 3381 3400 3460 3515 3540 3643 3661 3678 3714 3737 3761 3809 3856 3961 4066 4097 4105 4135 4158 4195 4232}
951479B83C26934E9B38DFBC8F7A855E,<Item>{183},1,5100,"2020-02-29 00:00:00 +0000",75681,0,0,<Name>{159},<TransactionBatch>{2808 3323 3363 3399 3526 3695 3713 3841 3877 3960 3979 4095 4149 4213 4231}
A59507763B36F74A988FC5BBE159DD2C,<Item>{110},1,13800,"2021-06-30 00:00:00 +0000",T3018167,0,0,<Name>{159},<TransactionBatch>{2810 2886 2891 2900 2911 2933 2952 2964 2979 2988 3027 3059 3075 3114 3136 3153 3169 3182 3237 3249 3268 3285 3299 3337 3349 3377 3394 3443 3455 3472 3485 3510 3535 3566 3622 3638 3664 3675 3708 3733 3745 3758 3803 3820 3835 3852 3866 3874 3903 3918 3929 3947 3956 3973 4046}
E50A191510B3C74E928B61D0D76C7FF7,<Item>{277},1,450,"2019-11-30 00:00:00 +0000",471117C,0,0,<Name>{159},<TransactionBatch>{2814 3233 3409 3410 3411 3412 3413 3428 3609 3610 3611 3612 3613 3614 3655 3656 3772 3884 3885 3886 3908 3923 3924}
F199EF343341FE40BAEE8FEF40A3D449,<Item>{295},1,1,"2020-10-31 00:00:00 +0000",supplierinvoice_70,0,0,<Name>{159},<TransactionBatch>{2815 3860 3872 3881 3894 3910 3937 3984 4002 4056 4085 4108 4139 4168 4169 4201}
DA214ED841E9DF4E855EFB8271948196,<Item>{339},1,100,<null>,supplierinvoice_70,0,0,<Name>{159},<TransactionBatch>{2818 3196}
704FA1E5C0ABA94FB46744610C4D93E3,<Item>{387},1,618,"2021-05-31 00:00:00 +0000",supplierinvoice_70,0,0,<Name>{159},<TransactionBatch>{2820 4101 4115 4131 4191 4209 4223 4255}
323B33797F6280479E262244FE792863,<Item>{140},1,6250,"2021-07-31 00:00:00 +0000",supplierinvoice_71,0,0,<Name>{159},<TransactionBatch>{2927 3558 3573 3649 3660 3681 3717 3726 3739 3764 3812 3826 3859 3871 3880 3896 3912 3935 3942 3964 3982 3989 4001 4052 4069 4093 4107 4120 4138 4198 4216 4235 4261}
6CA463D1BD225E4AB696BDED05E0CF88,<Item>{199},1,5,<null>,supplierinvoice_72,0,0,<Name>{159},<TransactionBatch>{2958}
354b2900949b11e89477bd4797f89965,<Item>{246},1,148,<null>,supplierinvoice_73,0,0,<Name>{159},<TransactionBatch>{3047}
6a0045a0955d11e899f23b1bff7f35c1,<Item>{259},1,1,<null>,supplierinvoice_75,0,0,<Name>{159},<TransactionBatch>{3051}
73655160a1c111e8bee3470b63db81b0,<Item>{58},1,1040,"2021-02-28 00:00:00 +0000",supplierinvoice_78,0,0,<Name>{159},<TransactionBatch>{3219 3442 3769 3865 4172}
7d00e1d0a1c111e8bee3470b63db81b0,<Item>{58},1,7,"2021-10-31 00:00:00 +0000",supplierinvoice_78,0,0,<Name>{159},<TransactionBatch>{3220}
95759030a1c111e8bee3470b63db81b0,<Item>{58},1,7,"2022-03-31 00:00:00 +0000",supplierinvoice_78,0,0,<Name>{159},<TransactionBatch>{3221}
d5c15f20a1c111e8bee3470b63db81b0,<Item>{311},1,1191,"2020-05-31 00:00:00 +0000",supplierinvoice_78,0,0,<Name>{159},<TransactionBatch>{3223 3425 3444 3768 3967 4039 4177}
ebac2e50a1c111e8bee3470b63db81b0,<Item>{311},1,12,"2020-12-31 00:00:00 +0000",supplierinvoice_78,0,0,<Name>{159},<TransactionBatch>{3224}
b8d89850a1c211e8bee3470b63db81b0,<Item>{58},1,5,"2021-02-28 00:00:00 +0000",supplierinvoice_79,0,0,<Name>{159},<TransactionBatch>{3225}
c629ddc0a1c211e8bee3470b63db81b0,<Item>{58},1,12,"2021-10-31 00:00:00 +0000",supplierinvoice_79,0,0,<Name>{159},<TransactionBatch>{3226}
eddfbab0a1c211e8bee3470b63db81b0,<Item>{58},1,17,"2022-03-31 00:00:00 +0000",supplierinvoice_79,0,0,<Name>{159},<TransactionBatch>{3227}
fbd02650a1c211e8bee3470b63db81b0,<Item>{58},1,55,"2022-01-31 00:00:00 +0000",supplierinvoice_79,0,0,<Name>{159},<TransactionBatch>{3228}
285edb80a1c311e8bee3470b63db81b0,<Item>{311},1,15,"2020-11-30 00:00:00 +0000",supplierinvoice_79,0,0,<Name>{159},<TransactionBatch>{3229}
3e1aab70a1c311e8bee3470b63db81b0,<Item>{311},1,27,"2021-01-31 00:00:00 +0000",supplierinvoice_79,0,0,<Name>{159},<TransactionBatch>{3230}
5ae01650a1c311e8bee3470b63db81b0,<Item>{311},1,8,"2022-03-31 00:00:00 +0000",supplierinvoice_79,0,0,<Name>{159},<TransactionBatch>{3231}
716A6838547294479AC70B93BE79C8C6,<Item>{55},1,3,"2019-04-30 00:00:00 +0000",DHG508C,0,0,<Name>{159},<TransactionBatch>{3311 3791 4034 4244}
32795E8E4C783949807520261D455509,<Item>{68},1,20,"2019-06-30 00:00:00 +0000",4542G5,0,0,<Name>{159},<TransactionBatch>{3312 3415 3495}
F0B53121A522AA468DF5C2B1BCF166AB,<Item>{88},1,420,"2020-12-31 00:00:00 +0000",HE18A02,0,0,<Name>{159},<TransactionBatch>{3313 3417 3426 3498 3586 3602 3653 3788 4030 4036}
F2ECB952B28F8B47A0C7E3618029ACA2,<Item>{134},1,500,"2020-10-31 00:00:00 +0000",DMTA0174001,0,0,<Name>{159},<TransactionBatch>{3315 3420 3501 3581 3588 3595 3605 3607 3652 3778 3787 4031 4037 4167 4170 4248}
9D2023BC9A3695449196A09B267999D0,<Item>{258},1,1,<null>,supplierinvoice_80,0,0,<Name>{159},<TransactionBatch>{3316 3590 3597}
9A570DEF154DEF4ABA63472BBCD14C61,<Item>{260},1,2,<null>,supplierinvoice_80,0,0,<Name>{159},<TransactionBatch>{3317}
2C616168D6DFB34B91ADBE4E839F05BA,<Item>{339},1,1900,<null>,supplierinvoice_80,0,0,<Name>{159},<TransactionBatch>{3319}
27BD63488FE3254A8FADCDDB38B11A9D,<Item>{405},1,200,"2019-04-30 00:00:00 +0000",59419,0.02,0.02,<Name>{159},<TransactionBatch>{3321 3422 3584 3591 3598 3608 3775 4040}
3CFE87F19E375E49876562FAC01A6601,<Item>{139},1,1000,"2021-02-28 00:00:00 +0000",AMN025C18,0,0,<Name>{159},<TransactionBatch>{3504 3582 3589 3777 3784 3887 4032 4038 4249}
CB25CC686ABED640B6CFA8822073D292,<Item>{397},1,300,<null>,supplierinvoice_83,0,0,<Name>{159},<TransactionBatch>{3666}
201C6667BE98014794BD5F53E9EBD630,<Item>{431},1,1,"2021-04-30 00:00:00 +0000",supplierinvoice_84,0,0,<Name>{159},<TransactionBatch>{3651 3669 3774 3789 3790 3792 3793 3794 4033 4041 4166}
0CF38853605520429A664D108BC57399,<Item>{79},1,13,"2020-09-30 00:00:00 +0000",ID74034/5,0,0,<Name>{159},<TransactionBatch>{3667}
42C19425BBE1664F868A20151C5AE066,<Item>{405},1,600,"2019-04-30 00:00:00 +0000",59419,0,0,<Name>{159},<TransactionBatch>{4028}
8BB8373FD9994342AD1C16BA92EEC141,<Item>{92},1,2700,"2020-05-31 00:00:00 +0000",309,0,0,<Name>{159},<TransactionBatch>{4010 4163 4246}
2051EFEDEC189A498EFDB6BD305AAB6E,<Item>{50},1,20,"2020-08-31 00:00:00 +0000",17IA120,0,0,<Name>{159},<TransactionBatch>{4006 4164}
313AE9415F23D6459F47D7090B220345,<Item>{134},1,3400,"2020-10-31 00:00:00 +0000",MTB873002,0,0,<Name>{159},<TransactionBatch>{4022}
5EBEF49D874F16498CE3045A306E16D7,<Item>{110},1,107800,"2021-04-30 00:00:00 +0000",S06,0,0,<Name>{159},<TransactionBatch>{4016 4079 4089 4102 4116 4132 4146 4192 4225 4256}
8E626532FAEA2747B69430943ED9E7A6,<Item>{110},1,1000,"2021-06-30 00:00:00 +0000",T301820617,0,0,<Name>{159},<TransactionBatch>{4018}
A04D52DB0A6E4041A0E60966CCAA33A2,<Item>{108},1,423,"2020-11-30 00:00:00 +0000",17166,0,0,<Name>{159},<TransactionBatch>{4013}
BB84CB903E382A4C80921C719113B3CF,<Item>{12},1,10375,"2020-06-30 00:00:00 +0000",05DDD056A,0,0,<Name>{159},<TransactionBatch>{3824 4005 4096 4098 4099 4113 4125 4129 4144 4155 4173 4189 4207 4220 4254}
4AC0038E7C16FE4DBBAB754BF2E25296,<Item>{75},1,1800,"2020-11-30 00:00:00 +0000",QK6663,0,0,<Name>{159},<TransactionBatch>{4007 4174}
23796B6F927EDF448C747AEE1654E913,<Item>{96},1,1000,"2020-11-30 00:00:00 +0000",AAGC7008,0.02,0.02,<Name>{159},<TransactionBatch>{4015}
2C896D1E5ED83841B3510FF9370B1C9F,<Item>{80},1,90000,"2020-11-30 00:00:00 +0000",171111,0,0,<Name>{159},<TransactionBatch>{4008}
E63247FA2A373F4B9A346B47CB1BEA83,<Item>{149},1,5900,"2021-01-31 00:00:00 +0000",667180101,0,0,<Name>{159},<TransactionBatch>{4014 4250}
381B74E2D9F34540BED0F449AEE35BF3,<Item>{85},1,40000,"2020-12-31 00:00:00 +0000",173132432,0,0,<Name>{159},<TransactionBatch>{4029}
08870F245A47C64D97125D0AA86C44A2,<Item>{93},1,57000,"2020-11-30 00:00:00 +0000",S06,0,0,<Name>{159},<TransactionBatch>{4011}
ED3D788BA8920D479EC4A80CC5BA73BF,<Item>{197},1,5,<null>,MM,0,0,<Name>{159},<TransactionBatch>{4023}
8B490B56D995C24B948D5A0BA9C1BD5A,<Item>{86},1,2000,"2019-11-30 00:00:00 +0000",AAM17007,0.01,0.01,<Name>{159},<TransactionBatch>{4009}
856DE6A53E64D742BB340DA8B1B61936,<Item>{340},1,2000,<null>,supplierinvoice_87,0,0,<Name>{159},<TransactionBatch>{4027}
1FFB5DB3F04B324DB09A4620317092F2,<Item>{339},1,4000,<null>,supplierinvoice_87,0,0,<Name>{159},<TransactionBatch>{4026}
F1DA14E4191C7749A1CD21C30743CB20,<Item>{338},1,30100,<null>,supplierinvoice_87,0,0,<Name>{159},<TransactionBatch>{4025 4123 4128 4143 4153 4206 4219 4242 4266}
0DA96F449139CF409936A6A783E28B07,<Item>{352},1,8,<null>,supplierinvoice_87,0,0,<Name>{159},<TransactionBatch>{4024}
F44555E174DC6A45ADAFED01A4BCCB69,<Item>{108},1,1377,"2020-11-30 00:00:00 +0000",17165,0,0,<Name>{159},<TransactionBatch>{4012}
D181C464DBC3B049BF3A049CD1774769,<Item>{112},1,55600,"2022-03-31 00:00:00 +0000",872013,0.01,0.01,<Name>{159},<TransactionBatch>{4017 4094 4103 4118 4133 4147 4165 4193 4210 4226}
3E83623BD43F13479C5A8CBA906A4FE2,<Item>{139},1,100,"2021-02-28 00:00:00 +0000",AMN022C18,0,0,<Name>{159},<TransactionBatch>{4021}
2F19A09FEF6D2E46B641425F37D3CDCB,<Item>{112},1,36900,"2022-03-31 00:00:00 +0000",872015,0.01,0.01,<Name>{159},<TransactionBatch>{4019}
DDBF845A76326F48A363F6ADEC90DA67,<Item>{134},1,8600,"2020-10-31 00:00:00 +0000",DMTA0174001,0,0,<Name>{159},<TransactionBatch>{4020}
1ae222f0e23211e894e83b9783df6c54,<Item>{143},1,1300,"2022-04-30 00:00:00 +0000",supplierinvoice_88,0,0,<Name>{159},<TransactionBatch>{4243 4252 4253 4258}
67507A8AC06D6F4A9080F7349C31669C,<Item>{298},1,5500,<null>,supplierinvoice_89,0,0,<Name>{159},<TransactionBatch>{4178 4264}
90896FB8A7479047AA9E8DEAA2F4514B,<Item>{29},1,10,"2021-12-31 00:00:00 +0000",V182001,0,0,<Name>{159},<TransactionBatch>{4179}
DC2A008CD563D54AB126072A67271017,<Item>{295},1,148,<null>,supplierinvoice_89,0,0,<Name>{159},<TransactionBatch>{4180 4262}
F5B6D7DE3615E24BAA3EBF072FE3158E,<Item>{116},1,3000,"2021-04-30 00:00:00 +0000",TF296,0,0,<Name>{159},<TransactionBatch>{4181 4247}
8190A642D28CA746B45CF06E2D19A165,<Item>{251},1,400,"2021-05-31 00:00:00 +0000",170601,0,0,<Name>{159},<TransactionBatch>{4182}
3A817A3DB626A147931218043BD32C69,<Item>{22},1,126,"2020-06-30 00:00:00 +0000",248,0,0,<Name>{159},<TransactionBatch>{4183}
C213FD2F94011B4B80D55ACBE6E4FA0F,<Item>{131},1,400,"2021-08-31 00:00:00 +0000",MNTF01801,0,0,<Name>{159},<TransactionBatch>{4184}
D3A1DD9D5EFC024C92EBAB4402978564,<Item>{140},1,2000,"2021-10-31 00:00:00 +0000",700,0,0,<Name>{159},<TransactionBatch>{4185}
4EAECC3027941E4EAD58F33CB857A8C2,<Item>{140},1,1000,"2021-10-31 00:00:00 +0000",701,0,0,<Name>{159},<TransactionBatch>{4186}
FF5817ED2541984B993A3F2808EC61D0,<Item>{177},1,1000,"2021-02-28 00:00:00 +0000",DZW1807,0,0,<Name>{159},<TransactionBatch>{4187}
960E116F5FE09748B41F2E67449275A4,<Item>{177},1,3000,"2021-02-28 00:00:00 +0000",DZW1806,0,0,<Name>{159},<TransactionBatch>{4188}
96cd83d0e14a11e7a5872fa61e46d180,<Item>{134},1,0,<null>,,0,0,<null>,<TransactionBatch>{41 93}
c5030a70f1cd11e79031b5af59368f9f,<Item>{22},1,0,<null>,,0,0,<null>,<TransactionBatch>{92 98 130 158 163}
2ca15c70f1d511e79031b5af59368f9f,<Item>{134},1,0,<null>,,0,0,<null>,<TransactionBatch>{95 226 412 875}
a389dc40e14a11e7a5872fa61e46d180,<Item>{134},1,0,<null>,,0,0,<null>,<TransactionBatch>{42 91 94 1013 1337}
92de0c10e14811e7a5872fa61e46d180,<Item>{77},1,0,<null>,,0,0,<null>,<TransactionBatch>{3 1912}
7F14BB1C53362640A2CE51A2B14F8CBA,<Item>{77},1,0,<null>,,0,0,<null>,<TransactionBatch>{83 103 504 566 1285 1911}
e8713e40e14811e7a5872fa61e46d180,<Item>{78},1,0,<null>,,0,0,<null>,<TransactionBatch>{25 104 170 198 237 283 320 383 458 859 901 1812 2006}
EDE666C4D80CAB4CB02916C8482DC641,<Item>{86},1,0,<null>,,0,0,<null>,<TransactionBatch>{258 505 1004 1009 1334 1429}
AC416F637D869F4C8D0518F477CEF334,<Item>{88},1,0,<null>,,0,0,<null>,<TransactionBatch>{259 1007 1010}
6b7e9070152511e8884ef1796b006edd,<Item>{338},1,0,<null>,,0,0,<null>,<TransactionBatch>{696 733 746 805 827 849 869 912 975 1002 1044 1098 1120 1122 1138 1151 1152 1155 1193 1196 1231 1254 1276 1297 1313}
A63775DD10A3514BB9006042C2CC9E34,<Item>{28},1,0,<null>,,0,0,<null>,<TransactionBatch>{749 785 809 832 853 883 894 916 936 954 977 991 1025 1082 1100 1136 1168 1179 1213 1235 1347 1349}
0e274c30e14c11e7a5872fa61e46d180,<Item>{316},1,0,<null>,,0,0,<null>,<TransactionBatch>{54 247 722}
F226D1107F52AD4D9041FE1072B68630,<Item>{80},1,0,<null>,,0,0,<null>,<TransactionBatch>{755 791 815 838 858 890 900 921 941 959 981 994 1030 1068 1086 1105}
482BB03D1ED49A4585E167CBDC1B6EAA,<Item>{391},1,0,<null>,,0,0,<null>,<TransactionBatch>{754 795 818 839 862 905 923 963 984 995 1020 1032 1071 1089 1108 1143 1170 1186 1222 1242 1266 1288 1326 1370}
A959AC8A69647B47AD3D38D741940CEC,<Item>{75},1,0,<null>,,0,0,<null>,<TransactionBatch>{248 424 456 478 531 547 565 585 613 634 651 668 685 708 729 736 790 814 837 857 888 899}
E5882DB72DA38B44A3C2C9259EE899A3,<Item>{352},1,0,<null>,,0,0,<null>,<TransactionBatch>{272 437 522 523 541 559 579 604 625 646 663 678 693 718 732 745 781 804 826 848 868 913 934 950 974 1001 1021 1043 1081 1097 1119}
546C0ECD25BDD94AA9AEBC42A0D4DD68,<Item>{5},1,0,<null>,,0,0,<null>,<TransactionBatch>{748 770 782 807 829 850 880 914 935 953 989 1024 1063 1099 1121 1137 1169 1210 1232}
E5D65C54F888E449992B6C8E970F6C12,<Item>{299},1,0,<null>,,0,0,<null>,<TransactionBatch>{766 930 970 999 1077 1114}
7F530F356C2996439A64CD1114EE45FF,<Item>{296},1,0,<null>,,0,0,<null>,<TransactionBatch>{727 731 743 778 800 822 844 866 908 1115 1126 1163 1190 1200 1225 1249 1271 1309 1343}
B33AEC8E0AE47A47ACF3CE7BDA28F161,<Item>{311},1,0,<null>,,0,0,<null>,<TransactionBatch>{768 779 802 824 846 867 910 932 949 972 1018 1019 1040 1079 1095 1117 1124 1140 1227 1251 1273 1294 1311 1330 1377}
effbe8b0e14b11e7a5872fa61e46d180,<Item>{314},1,0,<null>,,0,0,<null>,<TransactionBatch>{52 1017 1442 2007}
77979d8007ff11e886b3f1f1b7745e45,<Item>{260},1,0,<null>,,0,0,<null>,<TransactionBatch>{502 3776}
8ddb8460e14b11e7a5872fa61e46d180,<Item>{260},1,0,<null>,,0,0,<null>,<TransactionBatch>{16 1440 1472 3050 3207}
6a3bd0c007ff11e886b3f1f1b7745e45,<Item>{258},1,0,<null>,,0,0,<null>,<TransactionBatch>{501 1438}
70bbeb90e14b11e7a5872fa61e46d180,<Item>{258},1,0,<null>,,0,0,<null>,<TransactionBatch>{14 246 1015}
da663e60e14b11e7a5872fa61e46d180,<Item>{309},1,0,<null>,,0,0,<null>,<TransactionBatch>{21 1441}
7832C0D53CFE314591C8E49EF0E12F7B,<Item>{199},1,0,<null>,,0,0,<null>,<TransactionBatch>{767 1342 1445}
68A53ED36135D949974D43DCDC459F55,<Item>{199},1,0,<null>,,0,0,<null>,<TransactionBatch>{765 1038 1112 1247 1291 1339 1340 1341}
0AD8ECC39399B444BFA220AB4955175C,<Item>{199},1,0,<null>,,0,0,<null>,<TransactionBatch>{763 1037}
86C27DAD990C234CA6058FFE1B2E807F,<Item>{199},1,0,<null>,,0,0,<null>,<TransactionBatch>{61 143 303 350 434 446 538 692 717 873 968 1022}
C78C4ADE23680E4ABAE97547BE771EA4,<Item>{277},1,0,<null>,,0,0,<null>,<TransactionBatch>{267 443 467 556 694 695 715 771 951 1230 1350 1351}
167829a0e14b11e7a5872fa61e46d180,<Item>{149},1,0,<null>,,0,0,<null>,<TransactionBatch>{49 1588}
097af7a0e14b11e7a5872fa61e46d180,<Item>{149},1,0,<null>,,0,0,<null>,<TransactionBatch>{48 1008 1587}
F6ACA53A0DA2F24BBAECF93B090B35BC,<Item>{143},1,0,<null>,,0,0,<null>,<TransactionBatch>{759 983 1031 1069 1087 1106 1145 1172 1184 1219 1240 1264 1286 1324 1374 1389 1407 1421 1459 1503 1518 1554 1571}
D9AFA70E76376A4284C7292D1A964BEB,<Item>{143},1,0,<null>,,0,0,<null>,<TransactionBatch>{266 431 494 514 515 516 536 555 575 596 602 615 637 654 670 686 713 738 772 793 817 860 871 903 922 942 961 982}
893FC79384A3FC48ADE2497ADD593964,<Item>{140},1,0,<null>,,0,0,<null>,<TransactionBatch>{758 926 945 965 986 997 1034 1073 1091 1110}
6E89A6F4642B4E40979DAA7AA9F16E84,<Item>{140},1,0,<null>,,0,0,<null>,<TransactionBatch>{265 430 464 513 574 595 619 641 658 673 682 690 712 741 775 797 820 841 864 906 925}
b13ffe00e14a11e7a5872fa61e46d180,<Item>{139},1,0,<null>,,0,0,<null>,<TransactionBatch>{43 413 512 1006 1014 1338 1435}
5B68CC6BF634EB46ADD895DC962A3065,<Item>{33},1,0,<null>,,0,0,<null>,<TransactionBatch>{750 786 810 833 854 884 895 917 937 955 978 1026}
84892760e14a11e7a5872fa61e46d180,<Item>{131},1,0,<null>,,0,0,<null>,<TransactionBatch>{40 2009 3502}
BBEE5162742A87498E0D9F0167A09082,<Item>{22},1,0,<null>,,0,0,<null>,<TransactionBatch>{726 728 734 783 808 830 851 881 893 915 952 976 990 1064 1159}
7531ffd0e14a11e7a5872fa61e46d180,<Item>{131},1,0,<null>,,0,0,<null>,<TransactionBatch>{39 2008}
CA31CE5A2BA168449B59FFF293373964,<Item>{58},1,0,<null>,,0,0,<null>,<TransactionBatch>{753 1216 1237 1259 1281 1301 1319 1365 1384 1401 1454 1497 1549 1565 1626 1663 1704 1769 1801 1834 1861 1904 1939 1963 1993}
15CF0FA7654E524DAECBCEAA179A4005,<Item>{58},1,0,<null>,,0,0,<null>,<TransactionBatch>{751 787 811 834 885 896 918 938 956 1027 1102 1134 1166 1364}
8cc02e2007ff11e886b3f1f1b7745e45,<Item>{251},1,0,<null>,,0,0,<null>,<TransactionBatch>{503 1046}
60ff9990e14b11e7a5872fa61e46d180,<Item>{251},1,0,<null>,,0,0,<null>,<TransactionBatch>{13 227 415 416 417 719 876 1045}
63896e30e14a11e7a5872fa61e46d180,<Item>{116},1,0,<null>,,0,0,<null>,<TransactionBatch>{37 408 1005 1012 1336 1433 1785}
2a2659d0e14c11e7a5872fa61e46d180,<Item>{344},1,0,<null>,,0,0,<null>,<TransactionBatch>{33 127 139 185 222 294 305 347 360 432 442 465 518 576 597 624 645 662 677 691 714 744 780 803 825 847 911 933 973 1042 1080 1096 1118 1123 1139 1192 1228 1252 1274 1295 1312 1331 1447 1448 1468 1580 1641 1661 1722 1782 1790 1852 1874 1927 1992 2026 2063 2084 2110 2227 2265 2427 2436 2593 2668 2713 3128 3260 3282 3308 3370 3388 3407 3445 3447 3469 3523 3561 3646 3684 3699 3721 3742 3766 3829 3846 3863 3882 3890 3939 3987 4003 4059 4088}
1e4e9500e14c11e7a5872fa61e46d180,<Item>{343},1,0,<null>,,0,0,<null>,<TransactionBatch>{32 1513 1527 1562 2308 2829 2850 2868 2974 3041 3088 3127 3218}
8CF8E7617E8EFA4F90555CB1F51580E4,<Item>{112},1,0,<null>,,0,0,<null>,<TransactionBatch>{761 789 813 836 856 887 898 920 940 958 980 993 1029 1067 1085 1104}
E03456F553551742A2347773EC87C9C2,<Item>{110},1,0,<null>,,0,0,<null>,<TransactionBatch>{760 788 812 835 855 886 897 919 939 957 979 992 1028 1066 1084 1103}
F36976970718CB48A73000D382D24429,<Item>{93},1,0,<null>,,0,0,<null>,<TransactionBatch>{756 774 796 819 840 863 870 904 924 944 964 985 996 1033 1072 1090 1109 1130 1187 1223 1243}
635BB9910E64234EA84CC3C8F9432CA6,<Item>{108},1,0,<null>,,0,0,<null>,<TransactionBatch>{757 794 828 861 943 962 1070 1088 1107 1144 1150 1171 1185 1199 1221 1241 1265 1287 1305 1325 1369 1408 1460}
ad1aa1d0e14b11e7a5872fa61e46d180,<Item>{295},1,0,<null>,,0,0,<null>,<TransactionBatch>{18 123 181 218 296 304 349 358 394 433 444 468 496 537 577 598 620 642 659 674 716 742 777 799 821 843 865 929 969 988 998 1039 1076 1113 1127 1162 1189 1224 1248 1270 1292 1308 1328 1375 1393 1412 1424 1465 1510 1524 1559 1578 1656 1694 1718 1760 1778 1849 1870 1953 1987 2041 2106 2225 2261 2303 2477 2513 2590 2622 2647 2687 2754 2782 2847 2864 2943 2972 2982 3124 3244 3278 3294 3369 3386 3437 3466 3478 3491 3520 3546 3559 3632 3770 3814 3828}
f139aac0e14911e7a5872fa61e46d180,<Item>{94},1,0,<null>,,0,0,<null>,<TransactionBatch>{8 113 150 174 205 338 387 401 461 483 535 570 591 636 653 669 737 792 816 891 902 960}
c38e6200e14911e7a5872fa61e46d180,<Item>{92},1,0,<null>,,0,0,<null>,<TransactionBatch>{27 878 879 1011}
6a8fdc30e14711e7a5872fa61e46d180,<Item>{29},1,0,<null>,,0,0,<null>,<TransactionBatch>{0 409 1428 2005 3201 3429}
1E5329379BE3FE47B528A49FD02E10D3,<Item>{298},1,0,<null>,,0,0,<null>,<TransactionBatch>{764 801 823 845 909 931 948 971 1000 1041 2132 2305 2372 2388 2405}
79F6157E9DBC2544A48CB828707FFACE,<Item>{197},1,0,<null>,,0,0,<null>,<TransactionBatch>{762 776 798 842 874 928 947 967 987 1036 1075 1093 1128 1141 1188 1246 1269 1290 1307 1355 1373 1392 1411 1464 1509 1523 1558 1577 1593 1638 1655 1693 1716 1759 1793 1847}
06B9112570236E4C91352DF5B4F4F213,<Item>{80},1,0,<null>,,0,0,<null>,<TransactionBatch>{256 480 489 532 548 567 586 588 614 635 652}
132EDE29EB2E22499A967F0A8B2DFC85,<Item>{391},1,0,<null>,,0,0,<null>,<TransactionBatch>{257 426 460 481 533 549 568 587 589 617 639 656 688 709 730 740 773}
C13212A83CC89F4391AD5EE27F9075B9,<Item>{338},1,0,<null>,,0,0,<null>,<TransactionBatch>{268 527}
E1448ABFD60B8C49B94B744E12905A9F,<Item>{340},1,0,<null>,,0,0,<null>,<TransactionBatch>{249 524}
8D3403A0F1B99A458A4042ED83C18803,<Item>{28},1,0,<null>,,0,0,<null>,<TransactionBatch>{253 452 474 488 545 563 583 610 630}
767A90F8BCA95743963E18EB54A4E1E5,<Item>{298},1,0,<null>,,0,0,<null>,<TransactionBatch>{269 438 445 497 519 599 622 643 660 679 680 681}
6b234d20e14811e7a5872fa61e46d180,<Item>{68},1,0,<null>,,0,0,<null>,<TransactionBatch>{28 721}
F93F06FD9E1FD14EB5394ADA9B6E5CE1,<Item>{93},1,0,<null>,,0,0,<null>,<TransactionBatch>{86 204 337 367 386 427 482 490 507 534 550}
4743C1E3635B124695DE32344045F315,<Item>{93},1,0,<null>,,0,0,<null>,<TransactionBatch>{260 551 569 590 618 640 657 672 689 710}
1415ec20e14a11e7a5872fa61e46d180,<Item>{96},1,0,<null>,,0,0,<null>,<TransactionBatch>{29 411 725}
a84b3c40e14711e7a5872fa61e46d180,<Item>{50},1,0,<null>,,0,0,<null>,<TransactionBatch>{7 225 720}
2b953e00e14a11e7a5872fa61e46d180,<Item>{102},1,0,<null>,,0,0,<null>,<TransactionBatch>{30 724}
92530CD69643E34BBCA105FBEAC7CCEC,<Item>{108},1,0,<null>,,0,0,<null>,<TransactionBatch>{261 509 552 571 592 616 638 655 671 687 711 739}
FC58365A2556C749BE9FF8BAD484C5EB,<Item>{110},1,0,<null>,,0,0,<null>,<TransactionBatch>{262 553 572}
9A07CD15F2388C41877BD1F5A0B8DDDB,<Item>{110},1,0,<null>,,0,0,<null>,<TransactionBatch>{263 428 462 485 492 573 593 611 633}
4fb17970e14a11e7a5872fa61e46d180,<Item>{112},1,0,<null>,,0,0,<null>,<TransactionBatch>{31 313 342 364 390 632}
1DD018EFDC820B478CC261DDBBC48630,<Item>{112},1,0,<null>,,0,0,<null>,<TransactionBatch>{264 429 463 493 510 554 594 605 612 631}
e4e5ea10e14711e7a5872fa61e46d180,<Item>{55},1,0,<null>,,0,0,<null>,<TransactionBatch>{1 877}
8AD3692429055D4D9DBBFCCD4E682193,<Item>{22},1,0,<null>,,0,0,<null>,<TransactionBatch>{252 473 487 530 544 562 582 608 628 649 665 683}
ea247de0f1ee11e7900945d7ca3e6bf7,<Item>{32},1,0,<null>,,0,0,<null>,<TransactionBatch>{78 325 330 378 403 421 453 475 546 564 584 609 629 650 666}
E22E4E7DF70DDB499AA34C40EB63DB26,<Item>{32},1,0,<null>,,0,0,<null>,<TransactionBatch>{255 667 684 707 735 784 831 852 882}
027a40e0e14c11e7a5872fa61e46d180,<Item>{312},1,0,<null>,,0,0,<null>,<TransactionBatch>{53 723}
f6392cc0f4f011e7bf15c9f215211448,<Item>{311},1,0,<null>,,0,0,<null>,<TransactionBatch>{111 126 140 184 221 242 298 302 352 357 676}
39880C603BB1164BBFEE0C35948BB6A7,<Item>{311},1,0,<null>,,0,0,<null>,<TransactionBatch>{270 436 447 470 521 540 558 601 623 644 661 675}
EA9ADC28B7259147A975C0D649C2C91B,<Item>{299},1,0,<null>,,0,0,<null>,<TransactionBatch>{271 499 520 539 557 578 600 621}
0CF513933BABCA4EB1F69F5024D4B366,<Item>{12},1,0,<null>,,0,0,<null>,<TransactionBatch>{251 418 439 449 486 542 560 580 606 626 647}
4ACDBE50F301BB47862731D7B5FE6CAB,<Item>{5},1,0,<null>,,0,0,<null>,<TransactionBatch>{250 419 450 471 543 561 581 607 627 648 664}
988c2e50e14b11e7a5872fa61e46d180,<Item>{266},1,0,<null>,,0,0,<null>,<TransactionBatch>{17 245 348 466 525}
8EBE763F81C6184F9E6A2114B8B17EB6,<Item>{177},1,0,<null>,,0,0,<null>,<TransactionBatch>{56 346 361 393 528}
4865A5D5ECAB654291733056E1075CAF,<Item>{177},1,0,<null>,,0,0,<null>,<TransactionBatch>{60 215 293 402 441 495 517 526}
0ba01060152611e8884ef1796b006edd,<Item>{177},1,0,<null>,,0,0,<null>,<TransactionBatch>{699 700 701 702 703 704 705 706}
9bd98fe0152511e8884ef1796b006edd,<Item>{266},1,0,<null>,,0,0,<null>,<TransactionBatch>{698 747 806 872}
95D1DF8EDBA0764F9578C1BD733A6B97,<Item>{75},1,0,<null>,,0,0,<null>,<TransactionBatch>{1207 1366 1386 1404 1419 1446 1455 1500 1535 1568 1608 1629 1666 1686 1707 1837 1884 1918 1942 1979 2017 2031 2095 2121 2199 2216 2235 2254 2273 2319 2336 2363 2441 2448 2469 2580 2598 2638 2654 2678 2699}
0028454CEAB518419D4A81776D607B50,<Item>{80},1,0,<null>,,0,0,<null>,<TransactionBatch>{1208 1387 1420 1444 1456 1501 1529 1536 1552 1569 1610}
351C6FCB0EFB4D448A479502A3F01EB6,<Item>{391},1,0,<null>,,0,0,<null>,<TransactionBatch>{1050 1371 1390 1409 1422 1437 1462 1505 1520 1555 1574 1635 1652 1688}
E1FDB26A5556EF4DA15AA4BEC610FD26,<Item>{22},1,0,<null>,,0,0,<null>,<TransactionBatch>{1173 1211 1233 1255 1278 1298 1316 1360 1381 1399 1417 1451}
DF01F696A84E074B97C4973AA64E52B9,<Item>{387},1,0,<null>,,0,0,<null>,<TransactionBatch>{1174 1357 1361 1382 1398 1418 1452 1494 1516 1532 1546 1623 1644 1701 1730 1750 1767 1831}
C5B028ED2D78244AAB03CB7E39C5CFD1,<Item>{33},1,0,<null>,,0,0,<null>,<TransactionBatch>{1047 1065 1083 1101 1135 1158 1167 1180 1197 1214 1236 1258 1280 1300 1318 1363 1383 1400 1453 1496 1517 1548 1564 1592 1625 1646 1682 1703 1731 1768 1833 1880}
CC5CF6F30F6F7445AEC4D0C3A9AE7EAA,<Item>{92},1,0,<null>,,0,0,<null>,<TransactionBatch>{1052 1335 1431 1449 1584 1914}
5BC42B9657FF8A48800083A6C5093E12,<Item>{93},1,0,<null>,,0,0,<null>,<TransactionBatch>{1053 1244 1267 1289 1306 1327 1372 1391 1410 1423 1463 1506 1521}
8801BD7617CDFA47BED793E2B67F9560,<Item>{94},1,0,<null>,,0,0,<null>,<TransactionBatch>{1175 1220 1263 1304 1323 1368 1406 1458 1570 1619 1632 1710 1736 1839 1887 1946}
6A491FA34D00B24BBA71E9FDD1E4A2CC,<Item>{95},1,0,<null>,,0,0,<null>,<TransactionBatch>{1058 1432 3418 3499}
3C602538F09C7741B60530255770BE41,<Item>{108},1,0,<null>,,0,0,<null>,<TransactionBatch>{1054 1461 1504 1519 1573 1634 1711 1739 1774 1805 1843 1890 1989 2099}
DA3B22328152D946AF07F3748C37D021,<Item>{134},1,0,<null>,,0,0,<null>,<TransactionBatch>{1061 1358 1434 1585 1786 1915 2137}
9B13C79D492A0C48BBF6E9C8854696C5,<Item>{143},1,0,<null>,,0,0,<null>,<TransactionBatch>{1055 1572 1594 1633 1651 1668 1687 1737}
81CA73CF043EC24593B8E20764E46180,<Item>{298},1,0,<null>,,0,0,<null>,<TransactionBatch>{1048 1078 1094 1116 1125 1164 1191 1226 1250 1272 1293 1310 1329 1376 1394 1413 1425 1466 1511 1525 1560}
E9C0E2297F56564B841048230EC403E8,<Item>{298},1,0,<null>,,0,0,<null>,<TransactionBatch>{1176 1561 1579 1639 1657}
CD91135D1A5CB042A88996377641580F,<Item>{298},1,0,<null>,,0,0,<null>,<TransactionBatch>{1209 1658}
DFDEE473AB63224085555A72F769E4D8,<Item>{311},1,0,<null>,,0,0,<null>,<TransactionBatch>{1062 1378 1395 1414 1426 1443 1467 1512 1526 1540 2924 2945 2956 3038 3066}
0FB82A829578AC42B9681891A2E27772,<Item>{170},1,0,<null>,,0,0,<null>,<TransactionBatch>{1057 1436 1788 3010}
EAC8C13514BFAF4D8E6A0F843EBCA6D6,<Item>{352},1,0,<null>,,0,0,<null>,<TransactionBatch>{1177 1229 1253 1275 1296 1332 1379 1396 1415 1427 1469 1514 1528 1583}
C14E02F280986545B773A970840031B7,<Item>{149},1,0,<null>,,0,0,<null>,<TransactionBatch>{1056 2411}
91C7AEAAD0073F4091EA305CA0496DD3,<Item>{116},1,0,<null>,,0,0,<null>,<TransactionBatch>{1486 2136 3008 3011 3017 3035 3204 3209}
125BF4F8DFDBEC41BB10D2EB4ACDD157,<Item>{94},1,0,<null>,,0,0,<null>,<TransactionBatch>{1479 1906 1947 1985 2054 2184 2237 2294}
57A2AC471AB95F4B8DA9CF933B08053E,<Item>{88},1,0,<null>,,0,0,<null>,<TransactionBatch>{1477 2409}
f835cba051ac11e8b9b66789e723d72c,<Item>{79},1,0,<null>,,0,0,<null>,<TransactionBatch>{1811 1886 1944}
CB8B692CC090274BA58E0202DDB3C915,<Item>{197},1,0,<null>,,0,0,<null>,<TransactionBatch>{1489 1848 2040 2059 2080 2280 2325 2511}
212DBA6F10CD6342BEB60EEF39E70ABF,<Item>{338},1,0,<null>,,0,0,<null>,<TransactionBatch>{1604 1697 1724 1746 1784 1799 1802 1854 1876 1898 1926 1956 1978 1983 2045 2065 2086 2112 2134 2191 2209 2228 2245 2266 2284 2310 2374 2391 2407 2429 2445}
FCDDC10EBC9F4041A6509026C007F4B4,<Item>{112},1,0,<null>,,0,0,<null>,<TransactionBatch>{1485 1499 1534 1542 1551 1567 1607 1617 1628 1648 1665 1684 1706 1733 1753 1771 1836 1863 1883 1932 1941 1965 1991 2016 2030 2052 2073 2094 2120 2172 2181 2198 2215 2234 2253 2272 2297}
CD41EC5F3948484B998A4DCE531D8A21,<Item>{110},1,0,<null>,,0,0,<null>,<TransactionBatch>{1484 1498 1533 1541 1550 1566 1606 1616 1627 1647 1664 1683 1705 1732 1752 1770 1835 1862 1882 1905 1931 1940 1964 1990 2015 2029 2051 2072 2093 2119 2171 2180 2197 2214 2233 2252 2271 2289 2361 2380 2396 2419 2468}
2CB89BD7A54BE04CB672419785206C1E,<Item>{93},1,0,<null>,,0,0,<null>,<TransactionBatch>{1480 1522 1538 1556 1575 1636 1653 1669 1690 1713 1741 1757 1775 1845 1867 1892 1908 1950 1972 1986 2022 2038 2058 2078 2102 2127 2187 2204 2222 2240 2259 2277 2285 2301 2352 2368 2385 2401 2423 2435 2444 2453 2474 2509 2519 2544 2605}
66CF72BB7FBC7A4FA7DE6E861A48B820,<Item>{92},1,0,<null>,,0,0,<null>,<TransactionBatch>{1478 2135}
28856C9C53BC94448C8E4D4DA2DBEC22,<Item>{391},1,0,<null>,,0,0,<null>,<TransactionBatch>{1476 1689 1712 1740 1756 1806 1844 1866 1891 1949 1971 1981 2021 2037 2057 2077 2101 2126 2176 2186 2203 2221 2239 2258 2276 2299}
9673ED77AF04634B94937FB204964E1C,<Item>{80},1,0,<null>,,0,0,<null>,<TransactionBatch>{1598 1611 1630 1649 1667 1685 1708 1734 1754 1772 1838 1864 1885 1899 1919 1943 1966 1980 2018 2032 2053 2074 2096 2122 2173 2182 2200 2217 2236 2255 2274}
3D5B816AB7EFF84CB7EA57CC5926C094,<Item>{75},1,0,<null>,,0,0,<null>,<TransactionBatch>{1597 2746 2759 2823 2839 2892 2916 2935 2966 2991 3061 3078 3096 3116 3138 3155 3171 3185}
5155C1FBC3F71845943A4A27A5DDE6B4,<Item>{298},1,0,<null>,,0,0,<null>,<TransactionBatch>{1600 1659 1672 1696 1720 1745 1761 1780 1850 1872 1896 1902 1925 1954 1975 1984 2024 2043 2061 2082 2108 2131}
1F50E06D8009D242902FE7441518424A,<Item>{58},1,0,<null>,,0,0,<null>,<TransactionBatch>{1595 1994 2014 2071 2092 2118 2169 2196 2213 2232 2251 2270 2292 2340 2360 2379 2418 2447 2467 2577 2652 2676 2697 2719}
1CD6D6C143B49C4AA2B883BD4321E0D8,<Item>{22},1,0,<null>,,0,0,<null>,<TransactionBatch>{1596 1622 1680 1700 1729 1749 1766 1792 1800 1809 1830 1859 1879 1916 1935 1959 1995 2011 2027 2048 2068 2089 2115 2193 2210 2229 2247 2267 2315 2341 2356 2377 2394 2416 2439 2446 2456 2464 2501 2573 2594 2616 2673 2694 2717 2743 2770 2833 2854 2890 2909}
C3578AB6E1383A4680047F045E573AF7,<Item>{33},1,0,<null>,,0,0,<null>,<TransactionBatch>{1674 1881 1938 1962 1996 2250 2269 2318 2359 2378 2417 2440 2457 2466 2522 2576 2596 2617 2636 2675 2696 2718 2738 2744 2772 2821 2835 2856 2870 2910 2931 2951 2987 3025 3055 3074 3093 3113 3135 3152 3168 3181 3238 3250 3267 3330 3336 3348 3375 3393 3431 3454 3471 3484 3509 3534 3565 3637 3665 3674 3690 3706 3801}
C08E037FAF531146A91821949AECB879,<Item>{134},1,0,<null>,,0,0,<null>,<TransactionBatch>{1487 2410 2541 3000}
7F54D56300E1C64DBCBD528ECA9D907E,<Item>{139},1,0,<null>,,0,0,<null>,<TransactionBatch>{1488 1586 1787 2138 3019}
34641E4F59CDCE468122BE968299A97F,<Item>{140},1,0,<null>,,0,0,<null>,<TransactionBatch>{1482 1507 1539 1543 1557 1576 1590 1612 1654 1670 1691 1714 1742 1758 1776 1846 1868 1893 1922 1951 1973 1997 2023 2039 2103 2128 2188 2205 2223 2241 2260 2278 2323}
70C273684F283444A5BE3DB26F239334,<Item>{389},1,0,<null>,,0,0,<null>,<TransactionBatch>{1475 1936 1960 2012 2028 2049 2069 2090 2116 2179 2194 2211 2230 2248 2268 2349 2357 2395 2432 2465 2536 2574 2595 2634 2651 2674 2695 2771 2834 2855 2930}
D7CEBF47A2D11840AEC0B3E2D16F5EB4,<Item>{32},1,0,<null>,,0,0,<null>,<TransactionBatch>{1491 1860 1909 1917 1961}
F1D01FD85DBA654E90E22ADF0AC475BD,<Item>{183},1,0,<null>,,0,0,<null>,<TransactionBatch>{1676 1738 1755 1804 1841}
8DCD33D443C7EA41A48C5DFDEF56A790,<Item>{277},1,0,<null>,,0,0,<null>,<TransactionBatch>{1725 1789 1795 1796 2557}
290C3670D35652428772088D7AB326D5,<Item>{277},1,0,<null>,,0,0,<null>,<TransactionBatch>{1726 2558 2559 2560 2561 2626}
81523a904ebf11e89ebbdfd36278f8eb,<Item>{277},1,0,<null>,,0,0,<null>,<TransactionBatch>{1797 2330}
BF3D3DD1CD07B3479771C9E5117795C1,<Item>{277},1,0,<null>,,0,0,<null>,<TransactionBatch>{1798 2331 2332 2333 2334 2335 2556}
DD74EC3BEFBF7843BD26787E87F92B47,<Item>{199},1,0,<null>,,0,0,<null>,<TransactionBatch>{1599 1717 2105 2309 2329 2404 2542 2589 2781 3293 3305}
209864051FA3164F92B0E869C78826FA,<Item>{311},1,0,<null>,,0,0,<null>,<TransactionBatch>{1602 1640 1660 1721 1762 1781 1814 1826 1851 1873 1897 1976 2000 2025 2062 2083 2109 2133 2178 2264 2282 2306 2353 2373 2389 2406 2478 2540 2592 2624 2650 2667 2689 2712 2731 2768 2784 2828 2849 2867 2923}
DD5E941CEE14384283347D4B760BE9F8,<Item>{296},1,0,<null>,,0,0,<null>,<TransactionBatch>{1601 1614 1620 1695 1719 1744 1779 1871 1895 1901 1913 1924 2001 2042 2060 2081 2107 2130 2207 2243 2262 2326}
7D381099642CA94A89F6F7595B8C3014,<Item>{12},1,0,<null>,,0,0,<null>,<TransactionBatch>{1673 1858 1877 1903 1933 1957 2002 2010 2046 2066 2087 2113 2290}
B8B1D3131E768745BF6E53BA5C20F45C,<Item>{12},1,0,<null>,,0,0,<null>,<TransactionBatch>{1675 1678 1698 1727 1747 1764 1794 1803 1827 1857}
26C278CC75529C43814CF4568E296C79,<Item>{5},1,0,<null>,,0,0,<null>,<TransactionBatch>{1473 1493 1545 1621 1643 1662 1679 1699 1728 1748 1765 1829 1856 1878 1930 1934 1958 2003 2047 2067 2088 2114 2168 2192 2246 2314 2355 2376 2393 2415 2431 2437 2632 2672 2693 2736 2769 2853 2961 2977 3023 3071 3091 3110 3132 3149 3165 3178}
bade486051aa11e8b9b66789e723d72c,<Item>{5},1,0,<null>,,0,0,<null>,<TransactionBatch>{1810 1828}
03C50CB3E27D25469B299C38FB3D3AF8,<Item>{352},1,0,<null>,,0,0,<null>,<TransactionBatch>{1603 1723 1763 1783 1791 1853 1875 1955 1977 2044 2064 2085 2111 2283 2293 2390 2428 2462 2669 2690 2714 2785 2898 2984 3129 3145 3448 3548 3700 3767 3815 3847 3968 3993 4060}
6DC8671DCB47BE428435E279439B248C,<Item>{177},1,0,<null>,,0,0,<null>,<TransactionBatch>{1483 1508 1544 1613 1637 1671 1692 1715 1743 1777 1869 1894 1923 1952 1974 2004 2079 2104 2129 2189 2206 2224 2242 2279 2302 2343}
2CFAC947CABD5447BC025ABB707751D7,<Item>{75},1,0,<null>,,0,0,<null>,<TransactionBatch>{2142 3186 3216 3235 3270 3287 3328 3351 3378 3396 3457 3512 3537 3568 3624}
6CAFEF297F9DFA468AB04FEE19D40DE2,<Item>{58},1,0,<null>,,0,0,<null>,<TransactionBatch>{2141 2720 2739 2836 2932 3026 3057 3073 3094}
32CE508DB5343E4A8746E873FCA17171,<Item>{22},1,0,<null>,,0,0,<null>,<TransactionBatch>{2139 2929 2962 2985 3024 3053 3072 3111 3133}
6F8FC1F91376454EAF7BA98CC090F0B1,<Item>{22},1,0,<null>,,0,0,<null>,<TransactionBatch>{2155 3150 3166 3180 3239 3252 3263}
09C03D427EFE9E46A163E60B5464E748,<Item>{177},1,0,<null>,,0,0,<null>,<TransactionBatch>{2159 2587 2608 2646 2686 2708 2756 2766 2846 2879 2897 2921 2997 3102}
61860ABA0FD42248966E5FCF04C681FA,<Item>{80},1,0,<null>,,0,0,<null>,<TransactionBatch>{2158 2337}
0E28B7497DDE184F97365EB9F1456428,<Item>{391},1,0,<null>,,0,0,<null>,<TransactionBatch>{1819 2300 2351 2367 2384 2400 2422 2443 2452 2473 2479 2508 2543 2604 2643 2661}
98F2E5197187A049B52749251A48FECF,<Item>{338},1,0,<null>,,0,0,<null>,<TransactionBatch>{2165 2480 2548 2611 2670 2691 2716 2851 2881 2899 2925}
8B5890F35F865D44A2D1A2CF1AEBF438,<Item>{197},1,0,<null>,,0,0,<null>,<TransactionBatch>{1822 2512 2588 2709 2735 2780 2981 3107 3368 3440 3631 3983 4054 4200 4237}
A4C642F138853D4FA4AF7C6831918141,<Item>{93},1,0,<null>,,0,0,<null>,<TransactionBatch>{1821 2606 2644 2663 2683}
10A6D0AF98794A459344C4D6056D0D5D,<Item>{210},1,0,<null>,,0,0,<null>,<TransactionBatch>{2145 2338}
3F65DF903F7A4544832F8631101CBA91,<Item>{210},1,0,<null>,,0,0,<null>,<TransactionBatch>{2146 2339}
91D49AE93726A64AB570CE014E2950A8,<Item>{295},1,0,<null>,,0,0,<null>,<TransactionBatch>{1823 3683 3719 3740 3765 3843}
3FE39558A78D6547B0887D4860A3268D,<Item>{112},1,0,<null>,,0,0,<null>,<TransactionBatch>{1818 2298 2350 2362 2381 2397 2458 2503}
175B38B4274DEB44A70C112064AA6922,<Item>{140},1,0,<null>,,0,0,<null>,<TransactionBatch>{1820 2324 2369 2386 2402 2424}
217D3270B0A27F4E84D3951C3F4BB00D,<Item>{143},1,0,<null>,,0,0,<null>,<TransactionBatch>{1807 1840 1865 1888 1900 1920 1948 1968 1998 2020 2035 2055 2075 2098 2123 2174 2185 2201 2219 2238 2256 2275 2296 2365 2382 2399 2420 2433}
A0625D29138A0B49BE7EBE2D7E79EF86,<Item>{143},1,0,<null>,,0,0,<null>,<TransactionBatch>{1817 2442 2449 2470 2506 2526 2582 2602 2658 2680 2701 2724 2749 2761 2775}
4DFB9CDDE6D162499DEDBB84EABCF68A,<Item>{387},1,0,<null>,,0,0,<null>,<TransactionBatch>{2161 2342}
616A176CCCF64841800EBBB2E1FB1FE7,<Item>{389},1,0,<null>,,0,0,<null>,<TransactionBatch>{2167 2963 2978 2986 3092 3112 3134 3151 3167 3266 3331 3359 3374 3392 3453 3483 3507 3533 3552 3564 3636 3673 3689 3705 3731 3755 3799 3818 3832 3850 3873 3906 3927 3945 3954 3971 4044 4064}
8CF78D75C4A95D4B979B49F076D7F5E0,<Item>{183},1,0,<null>,,0,0,<null>,<TransactionBatch>{1808 1842 1889 1907 1921 1929 1969 1999 2036 2056 2076 2124 2202 2220 2366 2434 2450 2460 2472 2507 2518 2555 2565 2583 2603 2641 2659 2681 2702}
52AB40225386C44D9C8A7C63F53FDCB4,<Item>{296},1,0,<null>,,0,0,<null>,<TransactionBatch>{2151 2327 2371}
98AB517DF18003409034BDE079127560,<Item>{12},1,0,<null>,,0,0,<null>,<TransactionBatch>{2286 2291 2348 2354 2375 2392 2414 2430 2438 2455 2463 2500 2550 3148 3164 3177 3241 3251}
18B1B8AC97AFDB4D8C1B86CBEF885C29,<Item>{177},1,0,<null>,,0,0,<null>,<TransactionBatch>{2144 2344 2370 2387 2403 2425 2454 2461 2475 2564 2586}
03E4829C5F22004CACCE83369CBC2850,<Item>{298},1,0,<null>,,0,0,<null>,<TransactionBatch>{3318 3576 3619}
044E3576D1A65C4D995C5CF03738B8C8,<Item>{50},1,0,<null>,,0,0,<null>,<TransactionBatch>{3310 3496 3578 3781}
2C3067D6097D7D429F27C83642EAD1A0,<Item>{116},1,0,<null>,,0,0,<null>,<TransactionBatch>{3314 3419 3439 3500 3580 3594 3604}
9F4A53F88FC7CA49A15916FE2F7DE896,<Item>{140},1,0,<null>,,0,0,<null>,<TransactionBatch>{2497 2510 2520 2529 2534 2538 2546 2585 2607 2621 2645 2664 2685 2707 2729 2753 2765 2779 2826 2845 2863 2878 2906 2920 2942 2996 3034 3084 3122 3143 3161 3192 3245 3258 3276 3292 3304 3343 3367 3384 3404 3464 3490 3518 3528 3543}
d30de7106dfc11e88503534efd32787c,<Item>{398},1,0,<null>,,0,0,<null>,<TransactionBatch>{2484 3508 3722 4076}
E690210050EA1A4A81B7633F9FED5C99,<Item>{12},1,0,<null>,,0,0,<null>,<TransactionBatch>{2887 3728 3753 3797 3817 3831 3848 3889 3907 3922 3925 3940 3943 3994}
6D67908A18C15B429B023A2C5FCBD575,<Item>{12},1,0,<null>,,0,0,<null>,<TransactionBatch>{2888 3240 3262 3284 3298 3333 3334 3345 3372 3390 3450 3481 3505 3525 3530 3550 3562 3616 3633 3671 3686 3702 3727 3795}
952246BDEEE4E846918B5F5D4D774CC6,<Item>{143},1,0,<null>,,0,0,<null>,<TransactionBatch>{2959 3677 3694 3712 3736 3747 3760 3808 3823 3840 3855 3868 3876 3883 3899 3915 3932 3941 3950 3959 3978 3998 4004 4049 4065 4081 4090 4175 4251}
7CA1B9755E0B044A944094E85500676E,<Item>{143},1,0,<null>,,0,0,<null>,<TransactionBatch>{2807 2841 2859 2875 2894 2903 2915 2937 2954 2968 3001 3030 3062 3080 3098 3118 3140 3157 3173 3188 3247 3254 3272 3288 3301 3326 3340 3353 3361 3380 3398 3433 3459 3475 3488 3514 3539 3555 3570 3627 3642 3662 3807}
1CC19DF844CCD74AB40522CD42F273D2,<Item>{112},1,0,<null>,,0,0,<null>,<TransactionBatch>{2813 3184 3236 3269 3286 3329 3338 3350 3376 3395 3456 3473 3486 3511 3536 3553 3567 3623 3639 3663 3709 3734 3746 3757 3804 3836 3853 3875 3902 3917 3930 3948 3957 3974}
742907F304B1EF40B331A9250D47684D,<Item>{298},1,0,<null>,,0,0,<null>,<TransactionBatch>{3320 3620 3645 3698 3723 3741 3845 3862 3892 3909}
E0957611DAA7AB448120F760E15F9AE1,<Item>{298},1,0,<null>,,0,0,<null>,<TransactionBatch>{2816 3281 3296 3307 3344 3387 3406 3468 3492 3522 3547 3560 3575}
6DB6B152B85AF64FB589A3CA380FD009,<Item>{391},1,0,<null>,,0,0,<null>,<TransactionBatch>{2495 2662 2682 2705 2727 2751 2763 2777 2843 2861 2876 2904 2918 2940 2970 2994 3013 3032 3069 3100 3120 3141 3159 3190 3246 3256 3274 3290 3341 3354 3365 3382 3401 3434 3462}
8cb3b310c55111e8bf50e93da3372528,<Item>{398},1,0,<null>,,0,0,<null>,<TransactionBatch>{3783 4077}
812A85AFC6B1E847B243E52F8A86A347,<Item>{298},1,0,<null>,,0,0,<null>,<TransactionBatch>{3668 3891 3938 3986 3992 4058 4072 4087 4109 4121 4140 4152 4162 4203 4217}
65799ae0e14911e7a5872fa61e46d180,<Item>{391},1,0,<null>,,0,0,<null>,<TransactionBatch>{4 134 153 172 201 238}
853d9fc0e14911e7a5872fa61e46d180,<Item>{86},1,0,<null>,,0,0,<null>,<TransactionBatch>{5 244}
ddd697e0e14911e7a5872fa61e46d180,<Item>{93},1,0,<null>,,0,0,<null>,<TransactionBatch>{6 112 135 151}
419a9a10e14a11e7a5872fa61e46d180,<Item>{108},1,0,<null>,,0,0,<null>,<TransactionBatch>{9 114}
227b9250e14b11e7a5872fa61e46d180,<Item>{170},1,0,<null>,,0,0,<null>,<TransactionBatch>{10 414}
353a9d00e14b11e7a5872fa61e46d180,<Item>{183},1,0,<null>,,0,0,<null>,<TransactionBatch>{11 120 144 180 213}
40e58570e14b11e7a5872fa61e46d180,<Item>{197},1,0,<null>,,0,0,<null>,<TransactionBatch>{12 121 216 217 224 299 353 356 396 398}
bd34f250e14b11e7a5872fa61e46d180,<Item>{298},1,0,<null>,,0,0,<null>,<TransactionBatch>{19 125 141 183}
ca9cf410e14b11e7a5872fa61e46d180,<Item>{299},1,0,<null>,,0,0,<null>,<TransactionBatch>{20 124 142 182 219}
53cff070e14c11e7a5872fa61e46d180,<Item>{352},1,0,<null>,,0,0,<null>,<TransactionBatch>{22 128 138 186 223 300 301 354 355 397}
62c60c40e14c11e7a5872fa61e46d180,<Item>{354},1,0,<null>,,0,0,<null>,<TransactionBatch>{23 228 511}
82c409b0e14811e7a5872fa61e46d180,<Item>{76},1,0,<null>,,0,0,<null>,<TransactionBatch>{24 102 169 197}
b659f360e14911e7a5872fa61e46d180,<Item>{92},1,0,<null>,,0,0,<null>,<TransactionBatch>{26 506}
5a1bb670e14811e7a5872fa61e46d180,<Item>{58},1,0,<null>,,0,0,<null>,<TransactionBatch>{38 101 168}
cb92e240e14a11e7a5872fa61e46d180,<Item>{140},1,0,<null>,,0,0,<null>,<TransactionBatch>{44 118 146 178 211 290 310 343 363 405}
e0001220e14a11e7a5872fa61e46d180,<Item>{143},1,0,<null>,,0,0,<null>,<TransactionBatch>{45 119 137 145 179 212}
eba04c30e14a11e7a5872fa61e46d180,<Item>{143},1,0,<null>,,0,0,<null>,<TransactionBatch>{46 240 241 291 308}
f7e292a0e14a11e7a5872fa61e46d180,<Item>{143},1,0,<null>,,0,0,<null>,<TransactionBatch>{47 309 344 362 391}
a1461150e14b11e7a5872fa61e46d180,<Item>{277},1,0,<null>,,0,0,<null>,<TransactionBatch>{50 122 229 295 359}
4b2987b0e14711e7a5872fa61e46d180,<Item>{5},1,0,<null>,,0,0,<null>,<TransactionBatch>{55 96}
EB25D610D194D04798A8C6FCF39008B6,<Item>{32},1,0,<null>,,0,0,<null>,<TransactionBatch>{57 131 156 165 235}
0252D620B26068438742B57C9E6DC18D,<Item>{32},1,0,<null>,,0,0,<null>,<TransactionBatch>{58 234}
B8352925C7DA0A41A2466CB2D3167723,<Item>{75},1,0,<null>,,0,0,<null>,<TransactionBatch>{59 196 282 322 333 370 382}
3AA9CD269C7B024DA8A0168AD746B1C0,<Item>{12},1,0,<null>,,0,0,<null>,<TransactionBatch>{62 77 189}
061A5F6366D3F74AAD36A06A9FAB9770,<Item>{28},1,0,<null>,,0,0,<null>,<TransactionBatch>{63 275}
88CDE0B70148B440A1C140031CBFFD9B,<Item>{33},1,0,<null>,,0,0,<null>,<TransactionBatch>{64 99 278}
11930E9E48205943A6391FCD4317AF9F,<Item>{58},1,0,<null>,,0,0,<null>,<TransactionBatch>{65 195 280}
DE1CA51F49E32044A9E93E30CDB4B30D,<Item>{77},1,0,<null>,,0,0,<null>,<TransactionBatch>{66 321 400 457}
A24674535C621E44A0048CF128E8C3A6,<Item>{80},1,0,<null>,,0,0,<null>,<TransactionBatch>{67 284 318}
3134AC6384BF9748A9842C6D66CBCC69,<Item>{108},1,0,<null>,,0,0,<null>,<TransactionBatch>{68 287 339}
2CA7E8D436992C46BF24C81CC39000C9,<Item>{93},1,0,<null>,,0,0,<null>,<TransactionBatch>{69 286 316 336}
5E09E23D06508741821AB09456CD312F,<Item>{110},1,0,<null>,,0,0,<null>,<TransactionBatch>{70 288 314}
68A64DC0CD386F4CA906F6155D5EA081,<Item>{112},1,0,<null>,,0,0,<null>,<TransactionBatch>{71 289 311}
4C8ADB20C6160C418F31EE5BB0C0C65D,<Item>{183},1,0,<null>,,0,0,<null>,<TransactionBatch>{72 214 292 306}
16B1752497C4334D9F059D01B08E0129,<Item>{299},1,0,<null>,,0,0,<null>,<TransactionBatch>{73 220}
7463F21C0AC5AA48A2499BB3EE34E3F3,<Item>{22},1,0,<null>,,0,0,<null>,<TransactionBatch>{74 191 274 326 329 374 377 420 451 472}
4254C0FA90886F48842E34B7E24F09B6,<Item>{32},1,0,<null>,,0,0,<null>,<TransactionBatch>{75 166 193 236 277}
01FEABFAE2EBD54CB82BF26F5B9BFA1D,<Item>{12},1,0,<null>,,0,0,<null>,<TransactionBatch>{76 190 273 327 328 375 376}
7719743FCA0C8748A495F9BF4EEE05D6,<Item>{28},1,0,<null>,,0,0,<null>,<TransactionBatch>{79 231 276 373}
DC4EF18D0174E94C9B5F1F0C974CC432,<Item>{33},1,0,<null>,,0,0,<null>,<TransactionBatch>{80 279 324 331 372 379}
1D67F38BCE31764AAE9BDEE41448406A,<Item>{58},1,0,<null>,,0,0,<null>,<TransactionBatch>{81 281 323 332 371 381 423 455 477}
67007840f4ed11e7bf15c9f215211448,<Item>{5},1,0,<null>,,0,0,<null>,<TransactionBatch>{82 97 160 161 187}
0B00481001913B449771CDB1323B772C,<Item>{80},1,0,<null>,,0,0,<null>,<TransactionBatch>{84 200 319 334 369 384 425 459 479}
3FFD277F0BD0404ABF9B220D96F43B61,<Item>{108},1,0,<null>,,0,0,<null>,<TransactionBatch>{85 115 149 175 206}
14C2F1B69EC7154784EAC0AB052B2ABA,<Item>{110},1,0,<null>,,0,0,<null>,<TransactionBatch>{87 209 315 341 365 389}
6CD0FD254D49324E9EEE53FE46C600B7,<Item>{112},1,0,<null>,,0,0,<null>,<TransactionBatch>{88 117 147 177 210 312}
C00C8ACB1ABC444A9C864AF18925F52B,<Item>{183},1,0,<null>,,0,0,<null>,<TransactionBatch>{89 307 345 392}
8FECB98A652BBA4DABDDC1B1BEAE24EB,<Item>{299},1,0,<null>,,0,0,<null>,<TransactionBatch>{90 297 351 395 435 469 498}
5e264690f4ee11e7bf15c9f215211448,<Item>{33},1,0,<null>,,0,0,<null>,<TransactionBatch>{100 132 155 167 194 380}
49c8ffc0f4ef11e7bf15c9f215211448,<Item>{80},1,0,<null>,,0,0,<null>,<TransactionBatch>{105 106 133 154 171 199}
bacc1ef0f4ef11e7bf15c9f215211448,<Item>{391},1,0,<null>,,0,0,<null>,<TransactionBatch>{107 202 239 285 317 335 368 385}
63fccdd0f4f011e7bf15c9f215211448,<Item>{93},1,0,<null>,,0,0,<null>,<TransactionBatch>{108 152 173 203}
7e86eeb0f4f011e7bf15c9f215211448,<Item>{108},1,0,<null>,,0,0,<null>,<TransactionBatch>{109 207 340 366 388 440 484 491 508}
b9e795e0f4f011e7bf15c9f215211448,<Item>{110},1,0,<null>,,0,0,<null>,<TransactionBatch>{110 116 136 148 176 208}
31771aa0f4fa11e7bf15c9f215211448,<Item>{12},1,0,<null>,,0,0,<null>,<TransactionBatch>{129 159 162 188}
e9fa6060f4fe11e7bf15c9f215211448,<Item>{28},1,0,<null>,,0,0,<null>,<TransactionBatch>{157 164 192 230}
BF6FA06896750B42801CAC34824D29F7,<Item>{33},1,0,<null>,,0,0,<null>,<TransactionBatch>{254 422 454 476}
b7c7d28000ca11e8b76d9d0c72fe4497,<Item>{140},1,0,<null>,,0,0,<null>,<TransactionBatch>{404 406}
59A3D42CC0D6F14A8C0909E474C65A8B,<Item>{80},1,0,<null>,,0,0,<null>,<TransactionBatch>{752 889}
8CB78BF4F47BEE45AB5A7F8AAFFE93C2,<Item>{177},1,0,<null>,,0,0,<null>,<TransactionBatch>{769 892 907 927 946 966 1035 1074 1092 1111 1129 1142 1245 1268}
7D8926EDA5980C469A8451DFA1C4E2C5,<Item>{5},1,0,<null>,,0,0,<null>,<TransactionBatch>{1049 1256 1277 1315 1359 1397}
21300143714E6F47AA20C7F90806C6B7,<Item>{110},1,0,<null>,,0,0,<null>,<TransactionBatch>{1059 1133 1165 1181 1217 1238 1260 1282 1320 1385 1402}
CCC89FAF8ABB2E418EDFAD0D249B8AEE,<Item>{112},1,0,<null>,,0,0,<null>,<TransactionBatch>{1060 1132 1146 1182 1218 1239 1261 1283 1302 1321 1403}
55268D5C5A4A474E8992B982470B3409,<Item>{183},1,0,<null>,,0,0,<null>,<TransactionBatch>{1147 1154 1156 1160 1161}
472A205D15BF67428A8344F6D6A6CC82,<Item>{387},1,0,<null>,,0,0,<null>,<TransactionBatch>{1178 1201 1202 1203 1204 1205 1206 1212 1234 1257 1279 1299 1317 1345 1353 1356}
d4a8bf202d8111e88350036ce741bbd5,<Item>{28},1,0,<null>,,0,0,<null>,<TransactionBatch>{1344 1346 1348}
6aa142002e4e11e8b3ea0f2fb531aafe,<Item>{33},1,0,<null>,,0,0,<null>,<TransactionBatch>{1352 1362}
F01ECEBCECF3D84E8CB8C67458B7582C,<Item>{12},1,0,<null>,,0,0,<null>,<TransactionBatch>{1450 1492 1515 1642 1677}
31e625503c6511e8ae689791b55f6c43,<Item>{80},1,0,<null>,,0,0,<null>,<TransactionBatch>{1582 1609}
23F66813600A87408C733F30CF11E95E,<Item>{79},1,0,<null>,,0,0,<null>,<TransactionBatch>{1815 1945 1967 1982 2019 2033}
00CA00B602D2D948B96A5269A6D56F51,<Item>{251},1,0,<null>,,0,0,<null>,<TransactionBatch>{1824 2313}
E000067D5C201942A06A8432C43F0351,<Item>{33},1,0,<null>,,0,0,<null>,<TransactionBatch>{1855 2050 2070 2091 2117 2195 2212 2231 2249}
515ca8a054de11e8a87b69b224668ea6,<Item>{108},1,0,<null>,,0,0,<null>,<TransactionBatch>{1910 1970 1988}
7ab3f40054f311e896176b76c444dbd3,<Item>{343},1,0,<null>,,0,0,<null>,<TransactionBatch>{1928 2307}
2F08821347946C4B9FACC12E0A6571B7,<Item>{387},1,0,<null>,,0,0,<null>,<TransactionBatch>{2140 2316}
24DA1F088ADC6E43BBD0D9C131D19C82,<Item>{80},1,0,<null>,,0,0,<null>,<TransactionBatch>{2143 2320}
4D85C71EC45E1D49B947D54B54FED6C5,<Item>{398},1,0,<null>,,0,0,<null>,<TransactionBatch>{2148 2317}
5D502D3B680F4143823BC5F683355726,<Item>{298},1,0,<null>,,0,0,<null>,<TransactionBatch>{2152 2177 2190 2208 2226 2244 2263 2281 2304}
5C080A0986A6024DB3CD556E768FACCB,<Item>{263},1,0,<null>,,0,0,<null>,<TransactionBatch>{2154 2312}
9bdd4a005fcf11e89fe3e50b36702ab4,<Item>{110},1,0,<null>,,0,0,<null>,<TransactionBatch>{2162 2170}
F132E5778FEE504CA5D49F945F05C2D6,<Item>{246},1,0,<null>,,0,0,<null>,<TransactionBatch>{2163 2328}
87ABB08FCC81984E9972BFB9D1F3E0CD,<Item>{262},1,0,<null>,,0,0,<null>,<TransactionBatch>{2166 2311}
4CA1343F79FF4D4080EE2DCD21FC3413,<Item>{246},1,0,<null>,,0,0,<null>,<TransactionBatch>{2287 3480}
BF74C75F028D864FAC154E697EA89A9D,<Item>{246},1,0,<null>,,0,0,<null>,<TransactionBatch>{2346}
9301DEC55121BD45A43558E728BFB7B9,<Item>{352},1,0,<null>,,0,0,<null>,<TransactionBatch>{2347}
CFFC18FAC194664BA12BA4DEE7B33DBD,<Item>{110},1,0,<null>,,0,0,<null>,<TransactionBatch>{2412 2502 2523 2531 2535 2537 2539 2553}
A7ABDBDE87AEB141840A38FE3019803F,<Item>{110},1,0,<null>,,0,0,<null>,<TransactionBatch>{2413 2554}
6082c8506dfc11e88503534efd32787c,<Item>{5},1,0,<null>,,0,0,<null>,<TransactionBatch>{2481 2571 2631}
7d5fb2d06dfc11e88503534efd32787c,<Item>{22},1,0,<null>,,0,0,<null>,<TransactionBatch>{2482 2572}
92741f306dfc11e88503534efd32787c,<Item>{387},1,0,<null>,,0,0,<null>,<TransactionBatch>{2483 2551}
db79d1206dfc11e88503534efd32787c,<Item>{33},1,0,<null>,,0,0,<null>,<TransactionBatch>{2485 2575}
fac683206dfc11e88503534efd32787c,<Item>{75},1,0,<null>,,0,0,<null>,<TransactionBatch>{2486 2566 2567 2579}
03c278306dfd11e88503534efd32787c,<Item>{80},1,0,<null>,,0,0,<null>,<TransactionBatch>{2487 2568}
3fb3c6a06dfd11e88503534efd32787c,<Item>{79},1,0,<null>,,0,0,<null>,<TransactionBatch>{2488 2600}
cc4271206dfd11e88503534efd32787c,<Item>{140},1,0,<null>,,0,0,<null>,<TransactionBatch>{2490 2545}
23bf71f06dfe11e88503534efd32787c,<Item>{296},1,0,<null>,,0,0,<null>,<TransactionBatch>{2492 2549}
93D04EC350530D43BE97CA9F97A76987,<Item>{80},1,0,<null>,,0,0,<null>,<TransactionBatch>{2494 2505 2515 2525 2527 2532 2569 2581 2599 2625 2639 2655 2679 2700 2722 2747 2760 2774 2840 2858 2873 2893 2902 2913}
8883A27B23DFFE499B22AD945116DF4F,<Item>{93},1,0,<null>,,0,0,<null>,<TransactionBatch>{2496 2684 2706 2728 2752 2764 2778 2844 2862 2877 2905 2919 2941 2971 2995 3033 3083 3101 3121 3142 3160 3191 3257 3275 3291 3303 3342 3355 3366 3383 3402}
0EA3B7686C4C3C41B176F7D8A9E79F7E,<Item>{112},1,0,<null>,,0,0,<null>,<TransactionBatch>{2498 2504 2514 2524 2530 2578 2597 2618 2637 2653 2677 2698 2721 2745 2758 2773 2838 2857 2872 2901 2912 2934 2965 2989 3028 3060 3076}
B7659801C2FA6749932EDD9CAA84CE30,<Item>{298},1,0,<null>,,0,0,<null>,<TransactionBatch>{2499 2521 2528 2533 2547 2562 2563 2591 2610 2623 2649 2666 2688 2711 2730 2757 2767 2783 2848 2866 2880 2907 2922 2944 2973 2983 3037 3048 3064 3086 3104 3126 3144 3194 3243 3259 3280}
4d4d7470750811e8827f1784e40d911a,<Item>{389},1,0,<null>,,0,0,<null>,<TransactionBatch>{2552 2633}
1D45C2E464FC7F4D86896ADD30D0C857,<Item>{12},1,0,<null>,,0,0,<null>,<TransactionBatch>{2612 2630 2671 2692 2737 2742 2832 2852 2869 2889 2908 2928 2950 2976 3022 3052 3070 3090 3109 3131 3147}
131F58A6FD98A34587F42876FF061F55,<Item>{277},1,0,<null>,,0,0,<null>,<TransactionBatch>{2613 2627 2628 2629 2715 2732 2733 2734 2831 2960 3106 3108 3197 3198 3199 3232}
3151665975F409449D1D4EA20C1E3AFB,<Item>{183},1,0,<null>,,0,0,<null>,<TransactionBatch>{2614 2703 2725 2762 2896 2938 2980 2993 3040 3063 3099 3217 3302 3362}
1656C8E17F0D244ABC73FBDEBA65EF64,<Item>{110},1,0,<null>,,0,0,<null>,<TransactionBatch>{2740 2822 2830 2837 2871 2882 2883}
88D1A63F7D5E2E40A9473B94AEB57467,<Item>{110},1,0,<null>,,0,0,<null>,<TransactionBatch>{2741 2884 2885}
16C4CB4565F4D845BC7167525BA097BF,<Item>{338},1,0,<null>,,0,0,<null>,<TransactionBatch>{2789 2926 2946 2957 2975 3039 3067 3089 3130 3146 3163 3176 3195 3242 3261 3283 3297 3309 3356 3371 3389 3408 3423 3449 3470 3479 3493 3524 3549 3577 3599 3615 3621 3647 3657 3685 3701 3743 3751 3786 3830 3864 4062 4073 4111}
3134BF890A455D4BAA2D0870A26F0E08,<Item>{25},1,0,<null>,,0,0,<null>,<TransactionBatch>{2792 3003 3200 3208}
77DB63BB07824B4DAA70A4ED2DD7AB2F,<Item>{50},1,0,<null>,,0,0,<null>,<TransactionBatch>{2794 3004 3253}
532960EE60147547BC0CCEDB60D17BBB,<Item>{88},1,0,<null>,,0,0,<null>,<TransactionBatch>{2801 2998 3006 3014}
D9C20CEB8590F046813AB99C416D8C8C,<Item>{92},1,0,<null>,,0,0,<null>,<TransactionBatch>{2802 2999 3007 3015}
B0F5D9BAB75F4C45A95D171E8DBD948E,<Item>{92},1,0,<null>,,0,0,<null>,<TransactionBatch>{2804 3016}
A1FA3FBB97BC884C886B59A925E0C16B,<Item>{149},1,0,<null>,,0,0,<null>,<TransactionBatch>{2809 3002 3020 3206 3213 3421 3427 3583 3596}
A4F2B89A8CD5F34885AF8F544C403688,<Item>{112},1,0,<null>,,0,0,<null>,<TransactionBatch>{2811 3077 3115 3137 3154 3170 3183}
0B8E11093A5CA5438E49BAC220899AB1,<Item>{134},1,0,<null>,,0,0,<null>,<TransactionBatch>{2812 3009 3012 3018 3205 3210 3212 3215}
F65D882E514445489888D2EDD89C83EA,<Item>{251},1,0,<null>,,0,0,<null>,<TransactionBatch>{2817 2947}
B72D0F493175F8468B155C5E413DFA04,<Item>{251},1,0,<null>,,0,0,<null>,<TransactionBatch>{2819 2948}
fdac92e0949a11e89477bd4797f89965,<Item>{33},1,0,<null>,,0,0,<null>,<TransactionBatch>{3042 3054}
08d293e0949b11e89477bd4797f89965,<Item>{58},1,0,<null>,,0,0,<null>,<TransactionBatch>{3043 3056}
141f2fb0949b11e89477bd4797f89965,<Item>{391},1,0,<null>,,0,0,<null>,<TransactionBatch>{3044 3068}
1ed9ebc0949b11e89477bd4797f89965,<Item>{93},1,0,<null>,,0,0,<null>,<TransactionBatch>{3045 3082}
2abd2240949b11e89477bd4797f89965,<Item>{110},1,0,<null>,,0,0,<null>,<TransactionBatch>{3046 3058}
c6c0b7b094aa11e89477bd4797f89965,<Item>{94},1,0,<null>,,0,0,<null>,<TransactionBatch>{3049 3692}
ad25b610a1c111e8bee3470b63db81b0,<Item>{311},1,0,<null>,,0,0,<null>,<TransactionBatch>{3222 3424}
e13da160b0b211e8abda0f8df8d7e036,<Item>{183},1,0,<null>,,0,0,<null>,<TransactionBatch>{3325 3438}
ECB1332884708746ADE4A55AB7CA9297,<Item>{92},1,0,<null>,,0,0,<null>,<TransactionBatch>{3503 3579 3587 3593 3603 3779}
992A5BE4F2E8EC4AA5D25CD85B357138,<Item>{432},1,0,<null>,,0,0,<null>,<TransactionBatch>{3650 3670 3773 3785 4042}
