ignore ID,,item,stocktake,batches
ignore ID,,A78939DB38CFD34B92B57AC1560F9DC2 ,302e4d60f1cd11e79031b5af59368f9f ,321eabb0f1cd11e79031b5af59368f9f 32319770f1cd11e79031b5af59368f9f 
ignore ID,,AADDD9267BFDAF4D8B9AAAA042FF3C68 ,302e4d60f1cd11e79031b5af59368f9f ,c503cdc0f1cd11e79031b5af59368f9f 
ignore ID,,A78939DB38CFD34B92B57AC1560F9DC2 ,086b0950f1d511e79031b5af59368f9f ,2ca1d1a0f1d511e79031b5af59368f9f 086d0520f1d511e79031b5af59368f9f 
ignore ID,,28D1A7154505B3419EE96EF7D75E7175 ,01e32f30348b11e1bd5fc5c422a3fadd ,01efb250348b11e1bd5fc5c422a3fadd 01f111e0348b11e1bd5fc5c422a3fadd 
ignore ID,,E7F84FC94E8B4647B1954DB8C1F2D93C ,01e32f30348b11e1bd5fc5c422a3fadd ,01f382e0348b11e1bd5fc5c422a3fadd 
ignore ID,,6D4A7635C23ACB4E9C8420CC478F3158 ,01e32f30348b11e1bd5fc5c422a3fadd ,01f5f3e0348b11e1bd5fc5c422a3fadd 
ignore ID,,3492C0EC6F0F464288EBB0860E4AC78D ,01e32f30348b11e1bd5fc5c422a3fadd ,01f8da10348b11e1bd5fc5c422a3fadd 
ignore ID,,81B2A8E83697C549B833848B99B532AE ,01e32f30348b11e1bd5fc5c422a3fadd ,01fecd80348b11e1bd5fc5c422a3fadd 
ignore ID,,B3F29C830FC75644B4C1F789BEA01342 ,01e32f30348b11e1bd5fc5c422a3fadd ,0201b3b0348b11e1bd5fc5c422a3fadd 
ignore ID,,2EE132A7A6899C469CB69BBF3E49F049 ,01e32f30348b11e1bd5fc5c422a3fadd ,02044bc0348b11e1bd5fc5c422a3fadd 
ignore ID,,465A50532AA27E458CB5E551C1E60228 ,137f54a0f74711e7a8580fb1f78de0a2 ,138213c0f74711e7a8580fb1f78de0a2 
ignore ID,,465A50532AA27E458CB5E551C1E60228 ,aa472f20f74711e7a8580fb1f78de0a2 ,aa4a3c60f74711e7a8580fb1f78de0a2 
ignore ID,,84ADCDB8C5A00047AB51516CE8627FFE ,01e32f30348b11e1bd5fc5c422a3fadd ,01e9bee0348b11e1bd5fc5c422a3fadd 
ignore ID,,60B7B1A0AD44BB4FB93042E6750EB12A ,01e32f30348b11e1bd5fc5c422a3fadd ,01ed6860348b11e1bd5fc5c422a3fadd 
ignore ID,,787DCC887927D74FB17F53E164F1C148 ,01e32f30348b11e1bd5fc5c422a3fadd ,01e6b1a0348b11e1bd5fc5c422a3fadd 
ignore ID,,7ED8F5679AC8F04A8F232A862FCBC215 ,01e32f30348b11e1bd5fc5c422a3fadd ,02fc4050348b11e1bd5fc5c422a3fadd 
ignore ID,,389C4FCF010497489FE48B324904B83E ,01e32f30348b11e1bd5fc5c422a3fadd ,02f51460348b11e1bd5fc5c422a3fadd 
ignore ID,,EA519454C9189B47A8A66BAAE5B60FC0 ,01e32f30348b11e1bd5fc5c422a3fadd ,02ee0f80348b11e1bd5fc5c422a3fadd 
ignore ID,,6CCC5743567C814A9ABCE316FD5DDBD6 ,01e32f30348b11e1bd5fc5c422a3fadd ,02e731b0348b11e1bd5fc5c422a3fadd 
ignore ID,,496210AE19083A4E8181BD7A7F5F4163 ,01e32f30348b11e1bd5fc5c422a3fadd ,02e053e0348b11e1bd5fc5c422a3fadd 
ignore ID,,DC622B83A28A6847BE98F596E5B8197A ,01e32f30348b11e1bd5fc5c422a3fadd ,02d97610348b11e1bd5fc5c422a3fadd 
ignore ID,,EEDFFE81A65EC54AA656D3F43C006E6A ,01e32f30348b11e1bd5fc5c422a3fadd ,02d35b90348b11e1bd5fc5c422a3fadd 
ignore ID,,18BF0CBCB2EBB04EBA341901BBE364C1 ,01e32f30348b11e1bd5fc5c422a3fadd ,02cd1a00348b11e1bd5fc5c422a3fadd 02c774b0348b11e1bd5fc5c422a3fadd 
ignore ID,,5F976B4EA860FE499F516EDD98E43510 ,01e32f30348b11e1bd5fc5c422a3fadd ,02c0bdf0348b11e1bd5fc5c422a3fadd 
ignore ID,,9D17D08D8C75364A8072C0A229D27CDF ,01e32f30348b11e1bd5fc5c422a3fadd ,02ba7c60348b11e1bd5fc5c422a3fadd 02b52530348b11e1bd5fc5c422a3fadd 
ignore ID,,A66333019D2D7341A595EB242A996FCC ,01e32f30348b11e1bd5fc5c422a3fadd ,02aebc90348b11e1bd5fc5c422a3fadd 
ignore ID,,49ED4A7108F45549B1BD286574BBE77A ,01e32f30348b11e1bd5fc5c422a3fadd ,02a8c920348b11e1bd5fc5c422a3fadd 02a39900348b11e1bd5fc5c422a3fadd 029e68e0348b11e1bd5fc5c422a3fadd 029938c0348b11e1bd5fc5c422a3fadd 
ignore ID,,910D0C02C94C0E4EBAC20EC3B5F82B4E ,01e32f30348b11e1bd5fc5c422a3fadd ,02934550348b11e1bd5fc5c422a3fadd 
ignore ID,,9C1E0D5882B1844BB8CA5352ADDCA4F0 ,01e32f30348b11e1bd5fc5c422a3fadd ,028da000348b11e1bd5fc5c422a3fadd 0288be00348b11e1bd5fc5c422a3fadd 
ignore ID,,E6A244E41CF3BD449BC6AF6069A67F5A ,01e32f30348b11e1bd5fc5c422a3fadd ,0283dc00348b11e1bd5fc5c422a3fadd 028080a0348b11e1bd5fc5c422a3fadd 
ignore ID,,63AB54F4F46D9546A298CCF6AC4D2FA0 ,01e32f30348b11e1bd5fc5c422a3fadd ,027b9ea0348b11e1bd5fc5c422a3fadd 027758e0348b11e1bd5fc5c422a3fadd 
ignore ID,,3FBF55496070964A887CCBBF4B6EB9A1 ,01e32f30348b11e1bd5fc5c422a3fadd ,0271daa0348b11e1bd5fc5c422a3fadd 
ignore ID,,A78939DB38CFD34B92B57AC1560F9DC2 ,01e32f30348b11e1bd5fc5c422a3fadd ,026caa80348b11e1bd5fc5c422a3fadd 
ignore ID,,81B65A4CFB966C418A355EC92145B223 ,01e32f30348b11e1bd5fc5c422a3fadd ,02677a60348b11e1bd5fc5c422a3fadd 026334a0348b11e1bd5fc5c422a3fadd 
ignore ID,,CCA93D36ADFABE469A2C0BDFF462680B ,01e32f30348b11e1bd5fc5c422a3fadd ,025e2b90348b11e1bd5fc5c422a3fadd 
ignore ID,,82A09C323DAEB747B294CADBCD413A0F ,01e32f30348b11e1bd5fc5c422a3fadd ,025a0ce0348b11e1bd5fc5c422a3fadd 0256b180348b11e1bd5fc5c422a3fadd 
ignore ID,,AADDD9267BFDAF4D8B9AAAA042FF3C68 ,01e32f30348b11e1bd5fc5c422a3fadd ,0251a870348b11e1bd5fc5c422a3fadd 
ignore ID,,1AE31DB442812841BD28A88FA8412E39 ,01e32f30348b11e1bd5fc5c422a3fadd ,024cc670348b11e1bd5fc5c422a3fadd 02491cf0348b11e1bd5fc5c422a3fadd 
ignore ID,,C4B933C945AB7540A5FE9674982EC277 ,01e32f30348b11e1bd5fc5c422a3fadd ,0244b020348b11e1bd5fc5c422a3fadd 02417bd0348b11e1bd5fc5c422a3fadd 
ignore ID,,694D1A4B13EF834993B552F7F0B11B55 ,01e32f30348b11e1bd5fc5c422a3fadd ,023ce7f0348b11e1bd5fc5c422a3fadd 
ignore ID,,6B7BB9237452FA458ABB7492AB20CF4D ,01e32f30348b11e1bd5fc5c422a3fadd ,02393e70348b11e1bd5fc5c422a3fadd 
ignore ID,,DF0A867BB4695D42B9DACC05CCA882D6 ,01e32f30348b11e1bd5fc5c422a3fadd ,02356de0348b11e1bd5fc5c422a3fadd 
ignore ID,,BEAEEF64688FD844BB0F8BC2D7C9C606 ,01e32f30348b11e1bd5fc5c422a3fadd ,02317640348b11e1bd5fc5c422a3fadd 022e1ae0348b11e1bd5fc5c422a3fadd 
ignore ID,,8F941175CE39AD44B39A8AA8BEAAFBEF ,01e32f30348b11e1bd5fc5c422a3fadd ,0229ae10348b11e1bd5fc5c422a3fadd 
ignore ID,,1954F5D3F1047C49A8FDBCF549A9940F ,01e32f30348b11e1bd5fc5c422a3fadd ,0225b670348b11e1bd5fc5c422a3fadd 
ignore ID,,F14234C9384C4B47906EC92890EBE2FB ,01e32f30348b11e1bd5fc5c422a3fadd ,022197c0348b11e1bd5fc5c422a3fadd 
ignore ID,,25B06E70357D4B4EB02F7B2AAA5F3D75 ,01e32f30348b11e1bd5fc5c422a3fadd ,021785a0348b11e1bd5fc5c422a3fadd 
ignore ID,,0B9B6A41369F3A449E69FDCE68B25F9E ,01e32f30348b11e1bd5fc5c422a3fadd ,021e6370348b11e1bd5fc5c422a3fadd 
ignore ID,,2F1ADAB6E2453947A84C49B5C3CAA5DE ,01e32f30348b11e1bd5fc5c422a3fadd ,021b2f20348b11e1bd5fc5c422a3fadd 
ignore ID,,8517022E30703D4AADC2B8D5F86BE82E ,01e32f30348b11e1bd5fc5c422a3fadd ,02147860348b11e1bd5fc5c422a3fadd 
ignore ID,,89DC4DB6CC39A14CB8BAB694AC801B2D ,01e32f30348b11e1bd5fc5c422a3fadd ,021080c0348b11e1bd5fc5c422a3fadd 
ignore ID,,33CFF5676B110843801214297B7C1A32 ,01e32f30348b11e1bd5fc5c422a3fadd ,020d2560348b11e1bd5fc5c422a3fadd 020adb70348b11e1bd5fc5c422a3fadd 
ignore ID,,598EE18F3EB7CC4DA9346DBB2AA3C8B2 ,01e32f30348b11e1bd5fc5c422a3fadd ,01fbe750348b11e1bd5fc5c422a3fadd 
ignore ID,,EF006B05A6917E4386A4FF156B054FC0 ,01e32f30348b11e1bd5fc5c422a3fadd ,0207a720348b11e1bd5fc5c422a3fadd 
ignore ID,,787DCC887927D74FB17F53E164F1C148 ,3564d5f00afb11e8b3cc4b7fa3cb3cef ,35691bb00afb11e8b3cc4b7fa3cb3cef 
ignore ID,,84ADCDB8C5A00047AB51516CE8627FFE ,3564d5f00afb11e8b3cc4b7fa3cb3cef ,356c28f00afb11e8b3cc4b7fa3cb3cef 
ignore ID,,60B7B1A0AD44BB4FB93042E6750EB12A ,3564d5f00afb11e8b3cc4b7fa3cb3cef ,356dd6a00afb11e8b3cc4b7fa3cb3cef 
ignore ID,,28D1A7154505B3419EE96EF7D75E7175 ,3564d5f00afb11e8b3cc4b7fa3cb3cef ,356fd2700afb11e8b3cc4b7fa3cb3cef 3570e3e00afb11e8b3cc4b7fa3cb3cef 
ignore ID,,E7F84FC94E8B4647B1954DB8C1F2D93C ,3564d5f00afb11e8b3cc4b7fa3cb3cef ,3572b8a00afb11e8b3cc4b7fa3cb3cef 
ignore ID,,6D4A7635C23ACB4E9C8420CC478F3158 ,3564d5f00afb11e8b3cc4b7fa3cb3cef ,357529a00afb11e8b3cc4b7fa3cb3cef 
ignore ID,,3492C0EC6F0F464288EBB0860E4AC78D ,3564d5f00afb11e8b3cc4b7fa3cb3cef ,3577c1b00afb11e8b3cc4b7fa3cb3cef 
ignore ID,,81B2A8E83697C549B833848B99B532AE ,3564d5f00afb11e8b3cc4b7fa3cb3cef ,357d8e100afb11e8b3cc4b7fa3cb3cef 
ignore ID,,B3F29C830FC75644B4C1F789BEA01342 ,3564d5f00afb11e8b3cc4b7fa3cb3cef ,358026200afb11e8b3cc4b7fa3cb3cef 
ignore ID,,2EE132A7A6899C469CB69BBF3E49F049 ,3564d5f00afb11e8b3cc4b7fa3cb3cef ,358333600afb11e8b3cc4b7fa3cb3cef 
ignore ID,,598EE18F3EB7CC4DA9346DBB2AA3C8B2 ,3564d5f00afb11e8b3cc4b7fa3cb3cef ,357a80d00afb11e8b3cc4b7fa3cb3cef 
ignore ID,,33CFF5676B110843801214297B7C1A32 ,3564d5f00afb11e8b3cc4b7fa3cb3cef ,3585cb700afb11e8b3cc4b7fa3cb3cef 3587a0300afb11e8b3cc4b7fa3cb3cef 
ignore ID,,89DC4DB6CC39A14CB8BAB694AC801B2D ,3564d5f00afb11e8b3cc4b7fa3cb3cef ,358a86600afb11e8b3cc4b7fa3cb3cef 
ignore ID,,8517022E30703D4AADC2B8D5F86BE82E ,3564d5f00afb11e8b3cc4b7fa3cb3cef ,358d93a00afb11e8b3cc4b7fa3cb3cef 
ignore ID,,6CC3456CFB54B24BAB2F5ED77C04032A ,3564d5f00afb11e8b3cc4b7fa3cb3cef ,359052c00afb11e8b3cc4b7fa3cb3cef 
ignore ID,,25B06E70357D4B4EB02F7B2AAA5F3D75 ,3564d5f00afb11e8b3cc4b7fa3cb3cef ,359338f00afb11e8b3cc4b7fa3cb3cef 3595a9f00afb11e8b3cc4b7fa3cb3cef 
ignore ID,,AD2D5DB09B14AD4FB7C6DFB7FFD2E04D ,3564d5f00afb11e8b3cc4b7fa3cb3cef ,35992c600afb11e8b3cc4b7fa3cb3cef 
ignore ID,,2F1ADAB6E2453947A84C49B5C3CAA5DE ,3564d5f00afb11e8b3cc4b7fa3cb3cef ,359c87c00afb11e8b3cc4b7fa3cb3cef 
ignore ID,,FF6E39A8B814F743A923218614BFC2DC ,3564d5f00afb11e8b3cc4b7fa3cb3cef ,359f95000afb11e8b3cc4b7fa3cb3cef 
ignore ID,,977C300C8383D94AB382F15BF9137F6D ,3564d5f00afb11e8b3cc4b7fa3cb3cef ,35a2f0600afb11e8b3cc4b7fa3cb3cef 
ignore ID,,0B9B6A41369F3A449E69FDCE68B25F9E ,3564d5f00afb11e8b3cc4b7fa3cb3cef ,35a672d00afb11e8b3cc4b7fa3cb3cef 
ignore ID,,F14234C9384C4B47906EC92890EBE2FB ,3564d5f00afb11e8b3cc4b7fa3cb3cef ,35a9ce300afb11e8b3cc4b7fa3cb3cef 35acdb700afb11e8b3cc4b7fa3cb3cef 
ignore ID,,1954F5D3F1047C49A8FDBCF549A9940F ,3564d5f00afb11e8b3cc4b7fa3cb3cef ,35b0ac000afb11e8b3cc4b7fa3cb3cef 35b344100afb11e8b3cc4b7fa3cb3cef 
ignore ID,,8F941175CE39AD44B39A8AA8BEAAFBEF ,3564d5f00afb11e8b3cc4b7fa3cb3cef ,35b73bb00afb11e8b3cc4b7fa3cb3cef 
ignore ID,,BEAEEF64688FD844BB0F8BC2D7C9C606 ,3564d5f00afb11e8b3cc4b7fa3cb3cef ,35bb0c400afb11e8b3cc4b7fa3cb3cef 35bdf2700afb11e8b3cc4b7fa3cb3cef 
ignore ID,,DF0A867BB4695D42B9DACC05CCA882D6 ,3564d5f00afb11e8b3cc4b7fa3cb3cef ,35c174e00afb11e8b3cc4b7fa3cb3cef 
ignore ID,,36D0A654E68BA44BB60CD269114534DB ,3564d5f00afb11e8b3cc4b7fa3cb3cef ,35c51e600afb11e8b3cc4b7fa3cb3cef 
ignore ID,,6B7BB9237452FA458ABB7492AB20CF4D ,3564d5f00afb11e8b3cc4b7fa3cb3cef ,35c8c7e00afb11e8b3cc4b7fa3cb3cef 
ignore ID,,694D1A4B13EF834993B552F7F0B11B55 ,3564d5f00afb11e8b3cc4b7fa3cb3cef ,35ccbf800afb11e8b3cc4b7fa3cb3cef 
ignore ID,,C4B933C945AB7540A5FE9674982EC277 ,3564d5f00afb11e8b3cc4b7fa3cb3cef ,35d105400afb11e8b3cc4b7fa3cb3cef 35d439900afb11e8b3cc4b7fa3cb3cef 
ignore ID,,AADDD9267BFDAF4D8B9AAAA042FF3C68 ,3564d5f00afb11e8b3cc4b7fa3cb3cef ,35d831300afb11e8b3cc4b7fa3cb3cef 
ignore ID,,82A09C323DAEB747B294CADBCD413A0F ,3564d5f00afb11e8b3cc4b7fa3cb3cef ,35dc28d00afb11e8b3cc4b7fa3cb3cef 35df84300afb11e8b3cc4b7fa3cb3cef 
ignore ID,,81B65A4CFB966C418A355EC92145B223 ,3564d5f00afb11e8b3cc4b7fa3cb3cef ,35e3c9f00afb11e8b3cc4b7fa3cb3cef 35e74c600afb11e8b3cc4b7fa3cb3cef 
ignore ID,,A78939DB38CFD34B92B57AC1560F9DC2 ,3564d5f00afb11e8b3cc4b7fa3cb3cef ,35ec2e600afb11e8b3cc4b7fa3cb3cef 35f04d100afb11e8b3cc4b7fa3cb3cef 
ignore ID,,3FBF55496070964A887CCBBF4B6EB9A1 ,3564d5f00afb11e8b3cc4b7fa3cb3cef ,35f492d00afb11e8b3cc4b7fa3cb3cef 
ignore ID,,63AB54F4F46D9546A298CCF6AC4D2FA0 ,3564d5f00afb11e8b3cc4b7fa3cb3cef ,35f8ffa00afb11e8b3cc4b7fa3cb3cef 
ignore ID,,E6A244E41CF3BD449BC6AF6069A67F5A ,3564d5f00afb11e8b3cc4b7fa3cb3cef ,35fd45600afb11e8b3cc4b7fa3cb3cef 
ignore ID,,B758D0C53874E449B1F437064F140042 ,3564d5f00afb11e8b3cc4b7fa3cb3cef ,3601b2300afb11e8b3cc4b7fa3cb3cef 3604bf700afb11e8b3cc4b7fa3cb3cef 
ignore ID,,9C1E0D5882B1844BB8CA5352ADDCA4F0 ,3564d5f00afb11e8b3cc4b7fa3cb3cef ,36092c400afb11e8b3cc4b7fa3cb3cef 360caeb00afb11e8b3cc4b7fa3cb3cef 
ignore ID,,910D0C02C94C0E4EBAC20EC3B5F82B4E ,3564d5f00afb11e8b3cc4b7fa3cb3cef ,3611ded00afb11e8b3cc4b7fa3cb3cef 
ignore ID,,49ED4A7108F45549B1BD286574BBE77A ,3564d5f00afb11e8b3cc4b7fa3cb3cef ,361adf800afb11e8b3cc4b7fa3cb3cef 
ignore ID,,A66333019D2D7341A595EB242A996FCC ,3564d5f00afb11e8b3cc4b7fa3cb3cef ,361f9a700afb11e8b3cc4b7fa3cb3cef 
ignore ID,,9D17D08D8C75364A8072C0A229D27CDF ,3564d5f00afb11e8b3cc4b7fa3cb3cef ,3624ca900afb11e8b3cc4b7fa3cb3cef 362910500afb11e8b3cc4b7fa3cb3cef 
ignore ID,,5F976B4EA860FE499F516EDD98E43510 ,3564d5f00afb11e8b3cc4b7fa3cb3cef ,362e67800afb11e8b3cc4b7fa3cb3cef 
ignore ID,,18BF0CBCB2EBB04EBA341901BBE364C1 ,3564d5f00afb11e8b3cc4b7fa3cb3cef ,363397a00afb11e8b3cc4b7fa3cb3cef 3637b6500afb11e8b3cc4b7fa3cb3cef 
ignore ID,,EEDFFE81A65EC54AA656D3F43C006E6A ,3564d5f00afb11e8b3cc4b7fa3cb3cef ,363c71400afb11e8b3cc4b7fa3cb3cef 
ignore ID,,D5E277D43458284485F0F8D46FEBA3BD ,3564d5f00afb11e8b3cc4b7fa3cb3cef ,36423da00afb11e8b3cc4b7fa3cb3cef 
ignore ID,,DC622B83A28A6847BE98F596E5B8197A ,3564d5f00afb11e8b3cc4b7fa3cb3cef ,3647bbe00afb11e8b3cc4b7fa3cb3cef 
ignore ID,,496210AE19083A4E8181BD7A7F5F4163 ,3564d5f00afb11e8b3cc4b7fa3cb3cef ,364d13100afb11e8b3cc4b7fa3cb3cef 3651ce000afb11e8b3cc4b7fa3cb3cef 
ignore ID,,465A50532AA27E458CB5E551C1E60228 ,3564d5f00afb11e8b3cc4b7fa3cb3cef ,361672b00afb11e8b3cc4b7fa3cb3cef 
ignore ID,,EA519454C9189B47A8A66BAAE5B60FC0 ,3564d5f00afb11e8b3cc4b7fa3cb3cef ,365725300afb11e8b3cc4b7fa3cb3cef 
ignore ID,,82253A98F4AF0241BE321423038B1535 ,3564d5f00afb11e8b3cc4b7fa3cb3cef ,365c7c600afb11e8b3cc4b7fa3cb3cef 
ignore ID,,389C4FCF010497489FE48B324904B83E ,3564d5f00afb11e8b3cc4b7fa3cb3cef ,3661faa00afb11e8b3cc4b7fa3cb3cef 
ignore ID,,7ED8F5679AC8F04A8F232A862FCBC215 ,3564d5f00afb11e8b3cc4b7fa3cb3cef ,36679ff00afb11e8b3cc4b7fa3cb3cef 
ignore ID,,4E7FF9BB7E2D184E9B5F46F3FE88008F ,3564d5f00afb11e8b3cc4b7fa3cb3cef ,366f1a000afb11e8b3cc4b7fa3cb3cef 
ignore ID,,5847A4158B45FE429DA06D8ACB6EBBA3 ,3564d5f00afb11e8b3cc4b7fa3cb3cef ,36755b900afb11e8b3cc4b7fa3cb3cef 367ab2c00afb11e8b3cc4b7fa3cb3cef 
ignore ID,,5847A4158B45FE429DA06D8ACB6EBBA3 ,2c933be0152511e8884ef1796b006edd ,0ba0aca0152611e8884ef1796b006edd 
ignore ID,,4E7FF9BB7E2D184E9B5F46F3FE88008F ,2c933be0152511e8884ef1796b006edd ,9bda0510152511e8884ef1796b006edd 
ignore ID,,B3F29C830FC75644B4C1F789BEA01342 ,2c933be0152511e8884ef1796b006edd ,982e3b20152511e8884ef1796b006edd 
ignore ID,,81B2A8E83697C549B833848B99B532AE ,2c933be0152511e8884ef1796b006edd ,6b806530152511e8884ef1796b006edd 
ignore ID,,787DCC887927D74FB17F53E164F1C148 ,34daadc0331011e8baf10984b52a6d1a ,34e05310331011e8baf10984b52a6d1a 
ignore ID,,84ADCDB8C5A00047AB51516CE8627FFE ,34daadc0331011e8baf10984b52a6d1a ,34e4e6f0331011e8baf10984b52a6d1a 
ignore ID,,60B7B1A0AD44BB4FB93042E6750EB12A ,34daadc0331011e8baf10984b52a6d1a ,34e97ad0331011e8baf10984b52a6d1a 
ignore ID,,15B98CDED983524199A74AED2E816496 ,34daadc0331011e8baf10984b52a6d1a ,34ebebd0331011e8baf10984b52a6d1a 
ignore ID,,28D1A7154505B3419EE96EF7D75E7175 ,34daadc0331011e8baf10984b52a6d1a ,34eed200331011e8baf10984b52a6d1a 34f058a0331011e8baf10984b52a6d1a 
ignore ID,,E7F84FC94E8B4647B1954DB8C1F2D93C ,34daadc0331011e8baf10984b52a6d1a ,34f2c9a0331011e8baf10984b52a6d1a 
ignore ID,,6D4A7635C23ACB4E9C8420CC478F3158 ,34daadc0331011e8baf10984b52a6d1a ,34f51390331011e8baf10984b52a6d1a 
ignore ID,,B3F29C830FC75644B4C1F789BEA01342 ,34daadc0331011e8baf10984b52a6d1a ,35014890331011e8baf10984b52a6d1a 
ignore ID,,EF006B05A6917E4386A4FF156B054FC0 ,34daadc0331011e8baf10984b52a6d1a ,35042ec0331011e8baf10984b52a6d1a 
ignore ID,,AADDD9267BFDAF4D8B9AAAA042FF3C68 ,34daadc0331011e8baf10984b52a6d1a ,353bb980331011e8baf10984b52a6d1a 
ignore ID,,33CFF5676B110843801214297B7C1A32 ,34daadc0331011e8baf10984b52a6d1a ,35073c00331011e8baf10984b52a6d1a 3508e9b0331011e8baf10984b52a6d1a 
ignore ID,,92A830620D13D44AAA28F70D5767AF1A ,34daadc0331011e8baf10984b52a6d1a ,35619100331011e8baf10984b52a6d1a 
ignore ID,,CCA93D36ADFABE469A2C0BDFF462680B ,34daadc0331011e8baf10984b52a6d1a ,3546dd10331011e8baf10984b52a6d1a 
ignore ID,,EEDFFE81A65EC54AA656D3F43C006E6A ,34daadc0331011e8baf10984b52a6d1a ,35808ab0331011e8baf10984b52a6d1a 
ignore ID,,1AE31DB442812841BD28A88FA8412E39 ,34daadc0331011e8baf10984b52a6d1a ,35379ad0331011e8baf10984b52a6d1a 
ignore ID,,89DC4DB6CC39A14CB8BAB694AC801B2D ,34daadc0331011e8baf10984b52a6d1a ,350bcfe0331011e8baf10984b52a6d1a 
ignore ID,,25B06E70357D4B4EB02F7B2AAA5F3D75 ,34daadc0331011e8baf10984b52a6d1a ,35125f90331011e8baf10984b52a6d1a 
ignore ID,,8517022E30703D4AADC2B8D5F86BE82E ,34daadc0331011e8baf10984b52a6d1a ,350f0430331011e8baf10984b52a6d1a 
ignore ID,,046331E09A3CD847BD4A0AD099C2B9E0 ,34daadc0331011e8baf10984b52a6d1a ,35156cd0331011e8baf10984b52a6d1a 
ignore ID,,2F1ADAB6E2453947A84C49B5C3CAA5DE ,34daadc0331011e8baf10984b52a6d1a ,3518c830331011e8baf10984b52a6d1a 
ignore ID,,0B9B6A41369F3A449E69FDCE68B25F9E ,34daadc0331011e8baf10984b52a6d1a ,351bfc80331011e8baf10984b52a6d1a 351e9490331011e8baf10984b52a6d1a 
ignore ID,,694D1A4B13EF834993B552F7F0B11B55 ,34daadc0331011e8baf10984b52a6d1a ,3533a330331011e8baf10984b52a6d1a 
ignore ID,,82A09C323DAEB747B294CADBCD413A0F ,34daadc0331011e8baf10984b52a6d1a ,353f6300331011e8baf10984b52a6d1a 3542be60331011e8baf10984b52a6d1a 
ignore ID,,A78939DB38CFD34B92B57AC1560F9DC2 ,34daadc0331011e8baf10984b52a6d1a ,35538740331011e8baf10984b52a6d1a 
ignore ID,,E6A244E41CF3BD449BC6AF6069A67F5A ,34daadc0331011e8baf10984b52a6d1a ,35586940331011e8baf10984b52a6d1a 355c87f0331011e8baf10984b52a6d1a 
ignore ID,,5F976B4EA860FE499F516EDD98E43510 ,34daadc0331011e8baf10984b52a6d1a ,3572a800331011e8baf10984b52a6d1a 
ignore ID,,18BF0CBCB2EBB04EBA341901BBE364C1 ,34daadc0331011e8baf10984b52a6d1a ,3577d820331011e8baf10984b52a6d1a 357b5a90331011e8baf10984b52a6d1a 
ignore ID,,8F941175CE39AD44B39A8AA8BEAAFBEF ,34daadc0331011e8baf10984b52a6d1a ,35228c30331011e8baf10984b52a6d1a 
ignore ID,,BEAEEF64688FD844BB0F8BC2D7C9C606 ,34daadc0331011e8baf10984b52a6d1a ,352635b0331011e8baf10984b52a6d1a 35287fa0331011e8baf10984b52a6d1a 
ignore ID,,DF0A867BB4695D42B9DACC05CCA882D6 ,34daadc0331011e8baf10984b52a6d1a ,352c7740331011e8baf10984b52a6d1a 
ignore ID,,598EE18F3EB7CC4DA9346DBB2AA3C8B2 ,34daadc0331011e8baf10984b52a6d1a ,34f847e0331011e8baf10984b52a6d1a 34fa91d0331011e8baf10984b52a6d1a 34fc3f80331011e8baf10984b52a6d1a 34fe3b50331011e8baf10984b52a6d1a 
ignore ID,,DC622B83A28A6847BE98F596E5B8197A ,34daadc0331011e8baf10984b52a6d1a ,35856cb0331011e8baf10984b52a6d1a 
ignore ID,,496210AE19083A4E8181BD7A7F5F4163 ,34daadc0331011e8baf10984b52a6d1a ,358b8730331011e8baf10984b52a6d1a 
ignore ID,,A98455BE6A82BF4FBC13539C6B90C710 ,34daadc0331011e8baf10984b52a6d1a ,35960e80331011e8baf10984b52a6d1a 
ignore ID,,7ED8F5679AC8F04A8F232A862FCBC215 ,34daadc0331011e8baf10984b52a6d1a ,35910570331011e8baf10984b52a6d1a 
ignore ID,,81B65A4CFB966C418A355EC92145B223 ,34daadc0331011e8baf10984b52a6d1a ,354b9800331011e8baf10984b52a6d1a 354f4180331011e8baf10984b52a6d1a 
ignore ID,,9C1E0D5882B1844BB8CA5352ADDCA4F0 ,34daadc0331011e8baf10984b52a6d1a ,356624e0331011e8baf10984b52a6d1a 3569a750331011e8baf10984b52a6d1a 356ded10331011e8baf10984b52a6d1a 
ignore ID,,5F976B4EA860FE499F516EDD98E43510 ,91259600366011e88fbccdc0dc0120d2 ,912a7800366011e88fbccdc0dc0120d2 912bd790366011e88fbccdc0dc0120d2 
ignore ID,,18BF0CBCB2EBB04EBA341901BBE364C1 ,91259600366011e88fbccdc0dc0120d2 ,912e2180366011e88fbccdc0dc0120d2 912f32f0366011e88fbccdc0dc0120d2 
ignore ID,,694D1A4B13EF834993B552F7F0B11B55 ,13bb9fb051af11e8b9b66789e723d72c ,1422ed0051af11e8b9b66789e723d72c 
ignore ID,,0B9B6A41369F3A449E69FDCE68B25F9E ,13bb9fb051af11e8b9b66789e723d72c ,140308f051af11e8b9b66789e723d72c 1406163051af11e8b9b66789e723d72c 
ignore ID,,046331E09A3CD847BD4A0AD099C2B9E0 ,13bb9fb051af11e8b9b66789e723d72c ,13fcc76051af11e8b9b66789e723d72c 
ignore ID,,8517022E30703D4AADC2B8D5F86BE82E ,13bb9fb051af11e8b9b66789e723d72c ,13f65ec051af11e8b9b66789e723d72c 13f3edc051af11e8b9b66789e723d72c 
ignore ID,,89DC4DB6CC39A14CB8BAB694AC801B2D ,13bb9fb051af11e8b9b66789e723d72c ,13ee969051af11e8b9b66789e723d72c 13f1079051af11e8b9b66789e723d72c 
ignore ID,,B3F29C830FC75644B4C1F789BEA01342 ,13bb9fb051af11e8b9b66789e723d72c ,13df545051af11e8b9b66789e723d72c 13dd7f9051af11e8b9b66789e723d72c 
ignore ID,,3492C0EC6F0F464288EBB0860E4AC78D ,13bb9fb051af11e8b9b66789e723d72c ,13d3bb9051af11e8b9b66789e723d72c 
ignore ID,,6D4A7635C23ACB4E9C8420CC478F3158 ,13bb9fb051af11e8b9b66789e723d72c ,13d14a9051af11e8b9b66789e723d72c 
ignore ID,,81B65A4CFB966C418A355EC92145B223 ,13bb9fb051af11e8b9b66789e723d72c ,144e42c051af11e8b9b66789e723d72c 144a241051af11e8b9b66789e723d72c 
ignore ID,,15B98CDED983524199A74AED2E816496 ,13bb9fb051af11e8b9b66789e723d72c ,13c870f051af11e8b9b66789e723d72c 13c7116051af11e8b9b66789e723d72c 
ignore ID,,EF006B05A6917E4386A4FF156B054FC0 ,13bb9fb051af11e8b9b66789e723d72c ,13e6f57051af11e8b9b66789e723d72c 13e4d29051af11e8b9b66789e723d72c 
ignore ID,,81B2A8E83697C549B833848B99B532AE ,13bb9fb051af11e8b9b66789e723d72c ,13dae78051af11e8b9b66789e723d72c 
ignore ID,,28D1A7154505B3419EE96EF7D75E7175 ,13bb9fb051af11e8b9b66789e723d72c ,13cc689051af11e8b9b66789e723d72c 13cae1f051af11e8b9b66789e723d72c 
ignore ID,,598EE18F3EB7CC4DA9346DBB2AA3C8B2 ,13bb9fb051af11e8b9b66789e723d72c ,13d67ab051af11e8b9b66789e723d72c 13d84f7051af11e8b9b66789e723d72c 
ignore ID,,C4B933C945AB7540A5FE9674982EC277 ,13bb9fb051af11e8b9b66789e723d72c ,1427a7f051af11e8b9b66789e723d72c 
ignore ID,,6B7BB9237452FA458ABB7492AB20CF4D ,13bb9fb051af11e8b9b66789e723d72c ,141ef56051af11e8b9b66789e723d72c 
ignore ID,,BEAEEF64688FD844BB0F8BC2D7C9C606 ,13bb9fb051af11e8b9b66789e723d72c ,14146e1051af11e8b9b66789e723d72c 14177b5051af11e8b9b66789e723d72c 
ignore ID,,8F941175CE39AD44B39A8AA8BEAAFBEF ,13bb9fb051af11e8b9b66789e723d72c ,14109d8051af11e8b9b66789e723d72c 
ignore ID,,DF0A867BB4695D42B9DACC05CCA882D6 ,13bb9fb051af11e8b9b66789e723d72c ,141b24d051af11e8b9b66789e723d72c 
ignore ID,,1954F5D3F1047C49A8FDBCF549A9940F ,13bb9fb051af11e8b9b66789e723d72c ,140d1b1051af11e8b9b66789e723d72c 
ignore ID,,F14234C9384C4B47906EC92890EBE2FB ,13bb9fb051af11e8b9b66789e723d72c ,1409bfb051af11e8b9b66789e723d72c 
ignore ID,,2F1ADAB6E2453947A84C49B5C3CAA5DE ,13bb9fb051af11e8b9b66789e723d72c ,13fffbb051af11e8b9b66789e723d72c 
ignore ID,,25B06E70357D4B4EB02F7B2AAA5F3D75 ,13bb9fb051af11e8b9b66789e723d72c ,13f9931051af11e8b9b66789e723d72c 
ignore ID,,33CFF5676B110843801214297B7C1A32 ,13bb9fb051af11e8b9b66789e723d72c ,13ebd77051af11e8b9b66789e723d72c 13e9b49051af11e8b9b66789e723d72c 
ignore ID,,2EE132A7A6899C469CB69BBF3E49F049 ,13bb9fb051af11e8b9b66789e723d72c ,13e2137051af11e8b9b66789e723d72c 
ignore ID,,E7F84FC94E8B4647B1954DB8C1F2D93C ,13bb9fb051af11e8b9b66789e723d72c ,13cf00a051af11e8b9b66789e723d72c 
ignore ID,,60B7B1A0AD44BB4FB93042E6750EB12A ,13bb9fb051af11e8b9b66789e723d72c ,13c4a06051af11e8b9b66789e723d72c 
ignore ID,,84ADCDB8C5A00047AB51516CE8627FFE ,13bb9fb051af11e8b9b66789e723d72c ,13c22f6051af11e8b9b66789e723d72c 
ignore ID,,787DCC887927D74FB17F53E164F1C148 ,13bb9fb051af11e8b9b66789e723d72c ,13bf975051af11e8b9b66789e723d72c 13bed40051af11e8b9b66789e723d72c 
ignore ID,,1AE31DB442812841BD28A88FA8412E39 ,13bb9fb051af11e8b9b66789e723d72c ,142c62e051af11e8b9b66789e723d72c 142fe55051af11e8b9b66789e723d72c 
ignore ID,,AADDD9267BFDAF4D8B9AAAA042FF3C68 ,13bb9fb051af11e8b9b66789e723d72c ,1434a04051af11e8b9b66789e723d72c 
ignore ID,,82A09C323DAEB747B294CADBCD413A0F ,13bb9fb051af11e8b9b66789e723d72c ,1439d06051af11e8b9b66789e723d72c 143d79e051af11e8b9b66789e723d72c 
ignore ID,,CCA93D36ADFABE469A2C0BDFF462680B ,13bb9fb051af11e8b9b66789e723d72c ,1441e6b051af11e8b9b66789e723d72c 1445903051af11e8b9b66789e723d72c 
ignore ID,,A78939DB38CFD34B92B57AC1560F9DC2 ,13bb9fb051af11e8b9b66789e723d72c ,145372e051af11e8b9b66789e723d72c 1457437051af11e8b9b66789e723d72c 
ignore ID,,3FBF55496070964A887CCBBF4B6EB9A1 ,13bb9fb051af11e8b9b66789e723d72c ,145b3b1051af11e8b9b66789e723d72c 
ignore ID,,63AB54F4F46D9546A298CCF6AC4D2FA0 ,13bb9fb051af11e8b9b66789e723d72c ,145fcef051af11e8b9b66789e723d72c 
ignore ID,,92A830620D13D44AAA28F70D5767AF1A ,13bb9fb051af11e8b9b66789e723d72c ,146489e051af11e8b9b66789e723d72c 
ignore ID,,DFE30CFDD9EAE2479A23788784900E4D ,13bb9fb051af11e8b9b66789e723d72c ,14696be051af11e8b9b66789e723d72c 
ignore ID,,B758D0C53874E449B1F437064F140042 ,13bb9fb051af11e8b9b66789e723d72c ,146e26d051af11e8b9b66789e723d72c 
ignore ID,,3DD73484BB578D498761EEA97349B12F ,13bb9fb051af11e8b9b66789e723d72c ,147308d051af11e8b9b66789e723d72c 
ignore ID,,9C1E0D5882B1844BB8CA5352ADDCA4F0 ,13bb9fb051af11e8b9b66789e723d72c ,147811e051af11e8b9b66789e723d72c 
ignore ID,,910D0C02C94C0E4EBAC20EC3B5F82B4E ,13bb9fb051af11e8b9b66789e723d72c ,147d902051af11e8b9b66789e723d72c 1482c04051af11e8b9b66789e723d72c 1487f06051af11e8b9b66789e723d72c 148d208051af11e8b9b66789e723d72c 
ignore ID,,49ED4A7108F45549B1BD286574BBE77A ,13bb9fb051af11e8b9b66789e723d72c ,1493d74051af11e8b9b66789e723d72c 
ignore ID,,5F976B4EA860FE499F516EDD98E43510 ,13bb9fb051af11e8b9b66789e723d72c ,1499f1c051af11e8b9b66789e723d72c 149f21e051af11e8b9b66789e723d72c 
ignore ID,,18BF0CBCB2EBB04EBA341901BBE364C1 ,13bb9fb051af11e8b9b66789e723d72c ,14a53c6051af11e8b9b66789e723d72c 14a9f75051af11e8b9b66789e723d72c 
ignore ID,,EEDFFE81A65EC54AA656D3F43C006E6A ,13bb9fb051af11e8b9b66789e723d72c ,14afeac051af11e8b9b66789e723d72c 
ignore ID,,DC622B83A28A6847BE98F596E5B8197A ,13bb9fb051af11e8b9b66789e723d72c ,14b5de3051af11e8b9b66789e723d72c 
ignore ID,,496210AE19083A4E8181BD7A7F5F4163 ,13bb9fb051af11e8b9b66789e723d72c ,14bbf8b051af11e8b9b66789e723d72c 14c0dab051af11e8b9b66789e723d72c 
ignore ID,,6CCC5743567C814A9ABCE316FD5DDBD6 ,13bb9fb051af11e8b9b66789e723d72c ,14c87bd051af11e8b9b66789e723d72c 
ignore ID,,82253A98F4AF0241BE321423038B1535 ,13bb9fb051af11e8b9b66789e723d72c ,14cfa7c051af11e8b9b66789e723d72c 14d6fac051af11e8b9b66789e723d72c 
ignore ID,,389C4FCF010497489FE48B324904B83E ,13bb9fb051af11e8b9b66789e723d72c ,14de4dc051af11e8b9b66789e723d72c 14e5048051af11e8b9b66789e723d72c 
ignore ID,,7ED8F5679AC8F04A8F232A862FCBC215 ,13bb9fb051af11e8b9b66789e723d72c ,14ecf3c051af11e8b9b66789e723d72c 
ignore ID,,A98455BE6A82BF4FBC13539C6B90C710 ,13bb9fb051af11e8b9b66789e723d72c ,14f446c051af11e8b9b66789e723d72c 
ignore ID,,5847A4158B45FE429DA06D8ACB6EBBA3 ,13bb9fb051af11e8b9b66789e723d72c ,14f99df051af11e8b9b66789e723d72c 
ignore ID,,787DCC887927D74FB17F53E164F1C148 ,9dbd3710658111e8b622dd5ee426118d ,9dc24020658111e8b622dd5ee426118d 9dc32a80658111e8b622dd5ee426118d 9dc46300658111e8b622dd5ee426118d 9dc107a0658111e8b622dd5ee426118d 
ignore ID,,F8481F0A3F7BE743A7D437DEA8F59D77 ,9dbd3710658111e8b622dd5ee426118d ,9dfcd820658111e8b622dd5ee426118d 9df81d30658111e8b622dd5ee426118d 9dfa8e30658111e8b622dd5ee426118d 
ignore ID,,1AE31DB442812841BD28A88FA8412E39 ,9dbd3710658111e8b622dd5ee426118d ,9e3462e0658111e8b622dd5ee426118d 9e37e550658111e8b622dd5ee426118d 9e310780658111e8b622dd5ee426118d 
ignore ID,,AADDD9267BFDAF4D8B9AAAA042FF3C68 ,9dbd3710658111e8b622dd5ee426118d ,9e40bef0658111e8b622dd5ee426118d 9e44b690658111e8b622dd5ee426118d 9e3cc750658111e8b622dd5ee426118d 
ignore ID,,5847A4158B45FE429DA06D8ACB6EBBA3 ,9dbd3710658111e8b622dd5ee426118d ,9f00daa0658111e8b622dd5ee426118d 9ef82810658111e8b622dd5ee426118d 9efc6dd0658111e8b622dd5ee426118d 
ignore ID,,84ADCDB8C5A00047AB51516CE8627FFE ,9dbd3710658111e8b622dd5ee426118d ,9dc6acf0658111e8b622dd5ee426118d 
ignore ID,,60B7B1A0AD44BB4FB93042E6750EB12A ,9dbd3710658111e8b622dd5ee426118d ,9dc91df0658111e8b622dd5ee426118d 
ignore ID,,15B98CDED983524199A74AED2E816496 ,9dbd3710658111e8b622dd5ee426118d ,9dcb40d0658111e8b622dd5ee426118d 
ignore ID,,6D4A7635C23ACB4E9C8420CC478F3158 ,9dbd3710658111e8b622dd5ee426118d ,9dcdd8e0658111e8b622dd5ee426118d 
ignore ID,,3492C0EC6F0F464288EBB0860E4AC78D ,9dbd3710658111e8b622dd5ee426118d ,9dd049e0658111e8b622dd5ee426118d 
ignore ID,,81B2A8E83697C549B833848B99B532AE ,9dbd3710658111e8b622dd5ee426118d ,9dd5ef30658111e8b622dd5ee426118d 9dd7c3f0658111e8b622dd5ee426118d 
ignore ID,,B3F29C830FC75644B4C1F789BEA01342 ,9dbd3710658111e8b622dd5ee426118d ,9ddaaa20658111e8b622dd5ee426118d 9ddc7ee0658111e8b622dd5ee426118d 
ignore ID,,2EE132A7A6899C469CB69BBF3E49F049 ,9dbd3710658111e8b622dd5ee426118d ,9ddf8c20658111e8b622dd5ee426118d 
ignore ID,,EF006B05A6917E4386A4FF156B054FC0 ,9dbd3710658111e8b622dd5ee426118d ,9de24b40658111e8b622dd5ee426118d 9de42000658111e8b622dd5ee426118d 
ignore ID,,598EE18F3EB7CC4DA9346DBB2AA3C8B2 ,9dbd3710658111e8b622dd5ee426118d ,9dd30900658111e8b622dd5ee426118d 
ignore ID,,33CFF5676B110843801214297B7C1A32 ,9dbd3710658111e8b622dd5ee426118d ,9de72d40658111e8b622dd5ee426118d 9de92910658111e8b622dd5ee426118d 
ignore ID,,8517022E30703D4AADC2B8D5F86BE82E ,9dbd3710658111e8b622dd5ee426118d ,9dec0f40658111e8b622dd5ee426118d 
ignore ID,,25B06E70357D4B4EB02F7B2AAA5F3D75 ,9dbd3710658111e8b622dd5ee426118d ,9deef570658111e8b622dd5ee426118d 9df11850658111e8b622dd5ee426118d 
ignore ID,,046331E09A3CD847BD4A0AD099C2B9E0 ,9dbd3710658111e8b622dd5ee426118d ,9df473b0658111e8b622dd5ee426118d 
ignore ID,,2F1ADAB6E2453947A84C49B5C3CAA5DE ,9dbd3710658111e8b622dd5ee426118d ,9dffe560658111e8b622dd5ee426118d 9e025660658111e8b622dd5ee426118d 
ignore ID,,0B9B6A41369F3A449E69FDCE68B25F9E ,9dbd3710658111e8b622dd5ee426118d ,9e058ab0658111e8b622dd5ee426118d 9e07fbb0658111e8b622dd5ee426118d 
ignore ID,,F14234C9384C4B47906EC92890EBE2FB ,9dbd3710658111e8b622dd5ee426118d ,9e0bf350658111e8b622dd5ee426118d 
ignore ID,,1954F5D3F1047C49A8FDBCF549A9940F ,9dbd3710658111e8b622dd5ee426118d ,9e0f9cd0658111e8b622dd5ee426118d 
ignore ID,,8F941175CE39AD44B39A8AA8BEAAFBEF ,9dbd3710658111e8b622dd5ee426118d ,9e134650658111e8b622dd5ee426118d 
ignore ID,,BEAEEF64688FD844BB0F8BC2D7C9C606 ,9dbd3710658111e8b622dd5ee426118d ,9e1716e0658111e8b622dd5ee426118d 9e1a7240658111e8b622dd5ee426118d 
ignore ID,,DF0A867BB4695D42B9DACC05CCA882D6 ,9dbd3710658111e8b622dd5ee426118d ,9e1f7b50658111e8b622dd5ee426118d 
ignore ID,,6B7BB9237452FA458ABB7492AB20CF4D ,9dbd3710658111e8b622dd5ee426118d ,9e243640658111e8b622dd5ee426118d 
ignore ID,,694D1A4B13EF834993B552F7F0B11B55 ,9dbd3710658111e8b622dd5ee426118d ,9e2854f0658111e8b622dd5ee426118d 
ignore ID,,C4B933C945AB7540A5FE9674982EC277 ,9dbd3710658111e8b622dd5ee426118d ,9e2d0fe0658111e8b622dd5ee426118d 
ignore ID,,82A09C323DAEB747B294CADBCD413A0F ,9dbd3710658111e8b622dd5ee426118d ,9e494a70658111e8b622dd5ee426118d 
ignore ID,,CCA93D36ADFABE469A2C0BDFF462680B ,9dbd3710658111e8b622dd5ee426118d ,9e4dde50658111e8b622dd5ee426118d 
ignore ID,,81B65A4CFB966C418A355EC92145B223 ,9dbd3710658111e8b622dd5ee426118d ,9e524b20658111e8b622dd5ee426118d 9e55a680658111e8b622dd5ee426118d 
ignore ID,,A78939DB38CFD34B92B57AC1560F9DC2 ,9dbd3710658111e8b622dd5ee426118d ,9e5a1350658111e8b622dd5ee426118d 
ignore ID,,3FBF55496070964A887CCBBF4B6EB9A1 ,9dbd3710658111e8b622dd5ee426118d ,9e5de3e0658111e8b622dd5ee426118d 
ignore ID,,63AB54F4F46D9546A298CCF6AC4D2FA0 ,9dbd3710658111e8b622dd5ee426118d ,9e62c5e0658111e8b622dd5ee426118d 
ignore ID,,E6A244E41CF3BD449BC6AF6069A67F5A ,9dbd3710658111e8b622dd5ee426118d ,9e67a7e0658111e8b622dd5ee426118d 9e6beda0658111e8b622dd5ee426118d 
ignore ID,,92A830620D13D44AAA28F70D5767AF1A ,9dbd3710658111e8b622dd5ee426118d ,9e70cfa0658111e8b622dd5ee426118d 
ignore ID,,DFE30CFDD9EAE2479A23788784900E4D ,9dbd3710658111e8b622dd5ee426118d ,9e75d8b0658111e8b622dd5ee426118d 9e7a1e70658111e8b622dd5ee426118d 
ignore ID,,3DD73484BB578D498761EEA97349B12F ,9dbd3710658111e8b622dd5ee426118d ,9e7fead0658111e8b622dd5ee426118d 
ignore ID,,9C1E0D5882B1844BB8CA5352ADDCA4F0 ,9dbd3710658111e8b622dd5ee426118d ,9e862c60658111e8b622dd5ee426118d 
ignore ID,,910D0C02C94C0E4EBAC20EC3B5F82B4E ,9dbd3710658111e8b622dd5ee426118d ,91ef55f0658411e8b622dd5ee426118d 91f5e5a0658411e8b622dd5ee426118d 91fc0020658411e8b622dd5ee426118d 
ignore ID,,49ED4A7108F45549B1BD286574BBE77A ,9dbd3710658111e8b622dd5ee426118d ,9e9dac00658111e8b622dd5ee426118d 9ea266f0658111e8b622dd5ee426118d 
ignore ID,,5F976B4EA860FE499F516EDD98E43510 ,9dbd3710658111e8b622dd5ee426118d ,9ea85a60658111e8b622dd5ee426118d 9eacc730658111e8b622dd5ee426118d 
ignore ID,,18BF0CBCB2EBB04EBA341901BBE364C1 ,9dbd3710658111e8b622dd5ee426118d ,9eb21e60658111e8b622dd5ee426118d 9eb68b30658111e8b622dd5ee426118d 
ignore ID,,EEDFFE81A65EC54AA656D3F43C006E6A ,9dbd3710658111e8b622dd5ee426118d ,9ebc0970658111e8b622dd5ee426118d 
ignore ID,,496210AE19083A4E8181BD7A7F5F4163 ,9dbd3710658111e8b622dd5ee426118d ,9ec187b0658111e8b622dd5ee426118d 9ec669b0658111e8b622dd5ee426118d 9ecafd90658111e8b622dd5ee426118d 
ignore ID,,6CCC5743567C814A9ABCE316FD5DDBD6 ,9dbd3710658111e8b622dd5ee426118d ,9ed0c9f0658111e8b622dd5ee426118d 
ignore ID,,82253A98F4AF0241BE321423038B1535 ,9dbd3710658111e8b622dd5ee426118d ,9ed7a7c0658111e8b622dd5ee426118d 
ignore ID,,389C4FCF010497489FE48B324904B83E ,9dbd3710658111e8b622dd5ee426118d ,9edde950658111e8b622dd5ee426118d 9ee2cb50658111e8b622dd5ee426118d 
ignore ID,,7ED8F5679AC8F04A8F232A862FCBC215 ,9dbd3710658111e8b622dd5ee426118d ,9ee90ce0658111e8b622dd5ee426118d 9eedeee0658111e8b622dd5ee426118d 
ignore ID,,A98455BE6A82BF4FBC13539C6B90C710 ,9dbd3710658111e8b622dd5ee426118d ,9ef36d20658111e8b622dd5ee426118d 
ignore ID,,1AE31DB442812841BD28A88FA8412E39 ,d5cefca0dcba11e8b3be8554970e016f ,d5f8cbc0dcba11e8b3be8554970e016f d5ef7cf0dcba11e8b3be8554970e016f d5f4fb30dcba11e8b3be8554970e016f d5f6cff0dcba11e8b3be8554970e016f d5f151b0dcba11e8b3be8554970e016f d5fa7970dcba11e8b3be8554970e016f d5fc4e30dcba11e8b3be8554970e016f d5fdd4d0dcba11e8b3be8554970e016f d5f34d80dcba11e8b3be8554970e016f 
ignore ID,,598EE18F3EB7CC4DA9346DBB2AA3C8B2 ,2b3237c0acf011e8bb9a9d9b746c4641 ,2c13be20acf011e8bb9a9d9b746c4641 2c182af0acf011e8bb9a9d9b746c4641 2c0f2a40acf011e8bb9a9d9b746c4641 
ignore ID,,6CC3456CFB54B24BAB2F5ED77C04032A ,2b3237c0acf011e8bb9a9d9b746c4641 ,2b71b1c0acf011e8bb9a9d9b746c4641 
ignore ID,,2F1ADAB6E2453947A84C49B5C3CAA5DE ,2b3237c0acf011e8bb9a9d9b746c4641 ,2c00ab50acf011e8bb9a9d9b746c4641 2c09ac00acf011e8bb9a9d9b746c4641 2c056640acf011e8bb9a9d9b746c4641 
ignore ID,,FF6E39A8B814F743A923218614BFC2DC ,2b3237c0acf011e8bb9a9d9b746c4641 ,2b54daf0acf011e8bb9a9d9b746c4641 
ignore ID,,DF0A867BB4695D42B9DACC05CCA882D6 ,2b3237c0acf011e8bb9a9d9b746c4641 ,2c6efd80acf011e8bb9a9d9b746c4641 
ignore ID,,694D1A4B13EF834993B552F7F0B11B55 ,2b3237c0acf011e8bb9a9d9b746c4641 ,93d2d400acf611e8bb9a9d9b746c4641 
ignore ID,,AADDD9267BFDAF4D8B9AAAA042FF3C68 ,2b3237c0acf011e8bb9a9d9b746c4641 ,3c964cb0acf811e8bb9a9d9b746c4641 
ignore ID,,63AB54F4F46D9546A298CCF6AC4D2FA0 ,2b3237c0acf011e8bb9a9d9b746c4641 ,2bc1cd90acf011e8bb9a9d9b746c4641 2bc501e0acf011e8bb9a9d9b746c4641 
ignore ID,,18BF0CBCB2EBB04EBA341901BBE364C1 ,2b3237c0acf011e8bb9a9d9b746c4641 ,2bf70e60acf011e8bb9a9d9b746c4641 2bfb7b30acf011e8bb9a9d9b746c4641 
ignore ID,,389C4FCF010497489FE48B324904B83E ,2b3237c0acf011e8bb9a9d9b746c4641 ,2b3c49e0acf011e8bb9a9d9b746c4641 2b3df790acf011e8bb9a9d9b746c4641 
ignore ID,,7ED8F5679AC8F04A8F232A862FCBC215 ,2b3237c0acf011e8bb9a9d9b746c4641 ,2c4e0800acf011e8bb9a9d9b746c4641 2c524dc0acf011e8bb9a9d9b746c4641 2c49c240acf011e8bb9a9d9b746c4641 
ignore ID,,A0A5E5F1EBF5D540BDBBFE0EA8B26852 ,2b3237c0acf011e8bb9a9d9b746c4641 ,2b4634f0acf011e8bb9a9d9b746c4641 
ignore ID,,6D4A7635C23ACB4E9C8420CC478F3158 ,2b3237c0acf011e8bb9a9d9b746c4641 ,2b8c3ea0acf011e8bb9a9d9b746c4641 2b89a690acf011e8bb9a9d9b746c4641 
ignore ID,,1AE31DB442812841BD28A88FA8412E39 ,2b3237c0acf011e8bb9a9d9b746c4641 ,2b66dc50acf011e8bb9a9d9b746c4641 2b5ec600acf011e8bb9a9d9b746c4641 2b5b1c80acf011e8bb9a9d9b746c4641 2b5ca320acf011e8bb9a9d9b746c4641 2b60e8e0acf011e8bb9a9d9b746c4641 2b62bda0acf011e8bb9a9d9b746c4641 2b64e080acf011e8bb9a9d9b746c4641 2b6b2210acf011e8bb9a9d9b746c4641 2b692640acf011e8bb9a9d9b746c4641 
ignore ID,,5847A4158B45FE429DA06D8ACB6EBBA3 ,2b3237c0acf011e8bb9a9d9b746c4641 ,2bd02570acf011e8bb9a9d9b746c4641 
ignore ID,,82253A98F4AF0241BE321423038B1535 ,2b3237c0acf011e8bb9a9d9b746c4641 ,2b393ca0acf011e8bb9a9d9b746c4641 2b3719c0acf011e8bb9a9d9b746c4641 
ignore ID,,6CCC5743567C814A9ABCE316FD5DDBD6 ,2b3237c0acf011e8bb9a9d9b746c4641 ,2c21eef0acf011e8bb9a9d9b746c4641 2c1d5b10acf011e8bb9a9d9b746c4641 
ignore ID,,496210AE19083A4E8181BD7A7F5F4163 ,2b3237c0acf011e8bb9a9d9b746c4641 ,2c31cd70acf011e8bb9a9d9b746c4641 2c449220acf011e8bb9a9d9b746c4641 2c3f8910acf011e8bb9a9d9b746c4641 2c3b4350acf011e8bb9a9d9b746c4641 2c36af70acf011e8bb9a9d9b746c4641 2c2d3990acf011e8bb9a9d9b746c4641 2c285790acf011e8bb9a9d9b746c4641 
ignore ID,,5F976B4EA860FE499F516EDD98E43510 ,2b3237c0acf011e8bb9a9d9b746c4641 ,2bf22c60acf011e8bb9a9d9b746c4641 2bee0db0acf011e8bb9a9d9b746c4641 2bea3d20acf011e8bb9a9d9b746c4641 
ignore ID,,49ED4A7108F45549B1BD286574BBE77A ,2b3237c0acf011e8bb9a9d9b746c4641 ,2bdc5a70acf011e8bb9a9d9b746c4641 2bd8b0f0acf011e8bb9a9d9b746c4641 
ignore ID,,9D17D08D8C75364A8072C0A229D27CDF ,2b3237c0acf011e8bb9a9d9b746c4641 ,2be5a940acf011e8bb9a9d9b746c4641 
ignore ID,,910D0C02C94C0E4EBAC20EC3B5F82B4E ,2b3237c0acf011e8bb9a9d9b746c4641 ,2c73df80acf011e8bb9a9d9b746c4641 
ignore ID,,DFE30CFDD9EAE2479A23788784900E4D ,2b3237c0acf011e8bb9a9d9b746c4641 ,2b4bb330acf011e8bb9a9d9b746c4641 
ignore ID,,92A830620D13D44AAA28F70D5767AF1A ,2b3237c0acf011e8bb9a9d9b746c4641 ,2b48cd00acf011e8bb9a9d9b746c4641 
ignore ID,,E6A244E41CF3BD449BC6AF6069A67F5A ,2b3237c0acf011e8bb9a9d9b746c4641 ,2bcc7bf0acf011e8bb9a9d9b746c4641 2bc92090acf011e8bb9a9d9b746c4641 
ignore ID,,A78939DB38CFD34B92B57AC1560F9DC2 ,2b3237c0acf011e8bb9a9d9b746c4641 ,2bbd39b0acf011e8bb9a9d9b746c4641 
ignore ID,,CCA93D36ADFABE469A2C0BDFF462680B ,2b3237c0acf011e8bb9a9d9b746c4641 ,2b515880acf011e8bb9a9d9b746c4641 2b4f83c0acf011e8bb9a9d9b746c4641 
ignore ID,,E8D41DB534F42649A785FF9C6A40B11C ,2b3237c0acf011e8bb9a9d9b746c4641 ,2c60ccb0acf011e8bb9a9d9b746c4641 
ignore ID,,82A09C323DAEB747B294CADBCD413A0F ,2b3237c0acf011e8bb9a9d9b746c4641 ,2bb87ec0acf011e8bb9a9d9b746c4641 
ignore ID,,C4B933C945AB7540A5FE9674982EC277 ,2b3237c0acf011e8bb9a9d9b746c4641 ,2be0c740acf011e8bb9a9d9b746c4641 
ignore ID,,6B7BB9237452FA458ABB7492AB20CF4D ,2b3237c0acf011e8bb9a9d9b746c4641 ,2b6e5660acf011e8bb9a9d9b746c4641 
ignore ID,,36D0A654E68BA44BB60CD269114534DB ,2b3237c0acf011e8bb9a9d9b746c4641 ,2b57e830acf011e8bb9a9d9b746c4641 
ignore ID,,BEAEEF64688FD844BB0F8BC2D7C9C606 ,2b3237c0acf011e8bb9a9d9b746c4641 ,2c669910acf011e8bb9a9d9b746c4641 2c6aded0acf011e8bb9a9d9b746c4641 
ignore ID,,1954F5D3F1047C49A8FDBCF549A9940F ,2b3237c0acf011e8bb9a9d9b746c4641 ,2bb04160acf011e8bb9a9d9b746c4641 
ignore ID,,F14234C9384C4B47906EC92890EBE2FB ,2b3237c0acf011e8bb9a9d9b746c4641 ,2babfba0acf011e8bb9a9d9b746c4641 
ignore ID,,0B9B6A41369F3A449E69FDCE68B25F9E ,2b3237c0acf011e8bb9a9d9b746c4641 ,2b9e8e20acf011e8bb9a9d9b746c4641 2b995e00acf011e8bb9a9d9b746c4641 2b96c5f0acf011e8bb9a9d9b746c4641 2b9bcf00acf011e8bb9a9d9b746c4641 
ignore ID,,046331E09A3CD847BD4A0AD099C2B9E0 ,2b3237c0acf011e8bb9a9d9b746c4641 ,2b934380acf011e8bb9a9d9b746c4641 
ignore ID,,EF006B05A6917E4386A4FF156B054FC0 ,2b3237c0acf011e8bb9a9d9b746c4641 ,d6182900acf611e8bb9a9d9b746c4641 d60eda30acf611e8bb9a9d9b746c4641 
ignore ID,,15B98CDED983524199A74AED2E816496 ,2b3237c0acf011e8bb9a9d9b746c4641 ,2b7e5bf0acf011e8bb9a9d9b746c4641 2b7c1200acf011e8bb9a9d9b746c4641 
ignore ID,,60B7B1A0AD44BB4FB93042E6750EB12A ,2b3237c0acf011e8bb9a9d9b746c4641 ,2b86c060acf011e8bb9a9d9b746c4641 2b849d80acf011e8bb9a9d9b746c4641 
ignore ID,,787DCC887927D74FB17F53E164F1C148 ,2b3237c0acf011e8bb9a9d9b746c4641 ,2b7904c0acf011e8bb9a9d9b746c4641 2b76e1e0acf011e8bb9a9d9b746c4641 2b74bf00acf011e8bb9a9d9b746c4641 
ignore ID,,84ADCDB8C5A00047AB51516CE8627FFE ,2b3237c0acf011e8bb9a9d9b746c4641 ,2b819040acf011e8bb9a9d9b746c4641 
ignore ID,,3492C0EC6F0F464288EBB0860E4AC78D ,2b3237c0acf011e8bb9a9d9b746c4641 ,2b8f9a00acf011e8bb9a9d9b746c4641 
ignore ID,,2EE132A7A6899C469CB69BBF3E49F049 ,2b3237c0acf011e8bb9a9d9b746c4641 ,2b4375d0acf011e8bb9a9d9b746c4641 
ignore ID,,2F1ADAB6E2453947A84C49B5C3CAA5DE ,e30d8da0c30111e8bf50e93da3372528 ,ff41f760c55711e8bf50e93da3372528 ff472780c55711e8bf50e93da3372528 ff3ca030c55711e8bf50e93da3372528 
ignore ID,,787DCC887927D74FB17F53E164F1C148 ,e30d8da0c30111e8bf50e93da3372528 ,fedc57c0c55711e8bf50e93da3372528 fee187e0c55711e8bf50e93da3372528 
ignore ID,,82253A98F4AF0241BE321423038B1535 ,e30d8da0c30111e8bf50e93da3372528 ,fe9c6890c55711e8bf50e93da3372528 fea409b0c55711e8bf50e93da3372528 
ignore ID,,389C4FCF010497489FE48B324904B83E ,e30d8da0c30111e8bf50e93da3372528 ,feaa9960c55711e8bf50e93da3372528 feaff090c55711e8bf50e93da3372528 
ignore ID,,AADDD9267BFDAF4D8B9AAAA042FF3C68 ,e30d8da0c30111e8bf50e93da3372528 ,e31b7050c30111e8bf50e93da3372528 
ignore ID,,DFE30CFDD9EAE2479A23788784900E4D ,e30d8da0c30111e8bf50e93da3372528 ,fec96c00c55711e8bf50e93da3372528 
ignore ID,,2EE132A7A6899C469CB69BBF3E49F049 ,e30d8da0c30111e8bf50e93da3372528 ,feb65930c55711e8bf50e93da3372528 
ignore ID,,A0A5E5F1EBF5D540BDBBFE0EA8B26852 ,e30d8da0c30111e8bf50e93da3372528 ,febc9ac0c55711e8bf50e93da3372528 fec21900c55711e8bf50e93da3372528 
ignore ID,,CCA93D36ADFABE469A2C0BDFF462680B ,e30d8da0c30111e8bf50e93da3372528 ,fecfad90c55711e8bf50e93da3372528 fed52bd0c55711e8bf50e93da3372528 
ignore ID,,84ADCDB8C5A00047AB51516CE8627FFE ,e30d8da0c30111e8bf50e93da3372528 ,fee7c970c55711e8bf50e93da3372528 
ignore ID,,60B7B1A0AD44BB4FB93042E6750EB12A ,e30d8da0c30111e8bf50e93da3372528 ,feedbce0c55711e8bf50e93da3372528 
ignore ID,,15B98CDED983524199A74AED2E816496 ,e30d8da0c30111e8bf50e93da3372528 ,0ffa9e00c54811e8bf50e93da3372528 0ffdab40c54811e8bf50e93da3372528 1000df90c54811e8bf50e93da3372528 
ignore ID,,6D4A7635C23ACB4E9C8420CC478F3158 ,e30d8da0c30111e8bf50e93da3372528 ,1ab44760c5f211e8bf5f21ced190b1f8 1abafe20c5f211e8bf5f21ced190b1f8 
ignore ID,,3492C0EC6F0F464288EBB0860E4AC78D ,e30d8da0c30111e8bf50e93da3372528 ,1ac166c0c5f211e8bf5f21ced190b1f8 
ignore ID,,EF006B05A6917E4386A4FF156B054FC0 ,e30d8da0c30111e8bf50e93da3372528 ,10cd5750c54811e8bf50e93da3372528 10d28770c54811e8bf50e93da3372528 
ignore ID,,598EE18F3EB7CC4DA9346DBB2AA3C8B2 ,e30d8da0c30111e8bf50e93da3372528 ,10b2f180c54811e8bf50e93da3372528 10b7fa90c54811e8bf50e93da3372528 
ignore ID,,8517022E30703D4AADC2B8D5F86BE82E ,e30d8da0c30111e8bf50e93da3372528 ,101bba90c54811e8bf50e93da3372528 101ec7d0c54811e8bf50e93da3372528 
ignore ID,,25B06E70357D4B4EB02F7B2AAA5F3D75 ,e30d8da0c30111e8bf50e93da3372528 ,fef3d760c55711e8bf50e93da3372528 
ignore ID,,1AEBB9441149CC49BBCD2C2371864B0A ,e30d8da0c30111e8bf50e93da3372528 ,1ada9410c5f211e8bf5f21ced190b1f8 
ignore ID,,0B9B6A41369F3A449E69FDCE68B25F9E ,e30d8da0c30111e8bf50e93da3372528 ,fefb2a60c55711e8bf50e93da3372528 ff008190c55711e8bf50e93da3372528 ff058aa0c55711e8bf50e93da3372528 ff0a93b0c55711e8bf50e93da3372528 
ignore ID,,DF0A867BB4695D42B9DACC05CCA882D6 ,e30d8da0c30111e8bf50e93da3372528 ,10930d70c54811e8bf50e93da3372528 
ignore ID,,C4B933C945AB7540A5FE9674982EC277 ,e30d8da0c30111e8bf50e93da3372528 ,1065e2f0c54811e8bf50e93da3372528 
ignore ID,,E8D41DB534F42649A785FF9C6A40B11C ,e30d8da0c30111e8bf50e93da3372528 ,1ae0fcb0c5f211e8bf5f21ced190b1f8 
ignore ID,,63AB54F4F46D9546A298CCF6AC4D2FA0 ,e30d8da0c30111e8bf50e93da3372528 ,ff178c00c55711e8bf50e93da3372528 
ignore ID,,3DD73484BB578D498761EEA97349B12F ,e30d8da0c30111e8bf50e93da3372528 ,1054f300c54811e8bf50e93da3372528 
ignore ID,,910D0C02C94C0E4EBAC20EC3B5F82B4E ,e30d8da0c30111e8bf50e93da3372528 ,b62bf5b0c5ef11e8bf5f21ced190b1f8 
ignore ID,,49ED4A7108F45549B1BD286574BBE77A ,e30d8da0c30111e8bf50e93da3372528 ,105ba9c0c54811e8bf50e93da3372528 10601690c54811e8bf50e93da3372528 
ignore ID,,9D17D08D8C75364A8072C0A229D27CDF ,e30d8da0c30111e8bf50e93da3372528 ,106c2480c54811e8bf50e93da3372528 
ignore ID,,5F976B4EA860FE499F516EDD98E43510 ,e30d8da0c30111e8bf50e93da3372528 ,1071f0e0c54811e8bf50e93da3372528 1076d2e0c54811e8bf50e93da3372528 107b18a0c54811e8bf50e93da3372528 
ignore ID,,18BF0CBCB2EBB04EBA341901BBE364C1 ,e30d8da0c30111e8bf50e93da3372528 ,1ad4c7b0c5f211e8bf5f21ced190b1f8 
ignore ID,,EEDFFE81A65EC54AA656D3F43C006E6A ,e30d8da0c30111e8bf50e93da3372528 ,e3314240c30111e8bf50e93da3372528 
ignore ID,,7ED8F5679AC8F04A8F232A862FCBC215 ,e30d8da0c30111e8bf50e93da3372528 ,10bd9fe0c54811e8bf50e93da3372528 10c233c0c54811e8bf50e93da3372528 10c715c0c54811e8bf50e93da3372528 
ignore ID,,5847A4158B45FE429DA06D8ACB6EBBA3 ,e30d8da0c30111e8bf50e93da3372528 ,ff298d60c55711e8bf50e93da3372528 
ignore ID,,F14234C9384C4B47906EC92890EBE2FB ,e30d8da0c30111e8bf50e93da3372528 ,ff112360c55711e8bf50e93da3372528 
ignore ID,,1954F5D3F1047C49A8FDBCF549A9940F ,e30d8da0c30111e8bf50e93da3372528 ,10369590c54811e8bf50e93da3372528 
ignore ID,,BEAEEF64688FD844BB0F8BC2D7C9C606 ,e30d8da0c30111e8bf50e93da3372528 ,ff2ff600c55711e8bf50e93da3372528 ff35c260c55711e8bf50e93da3372528 
ignore ID,,A78939DB38CFD34B92B57AC1560F9DC2 ,e30d8da0c30111e8bf50e93da3372528 ,1ac78140c5f211e8bf5f21ced190b1f8 
ignore ID,,E6A244E41CF3BD449BC6AF6069A67F5A ,e30d8da0c30111e8bf50e93da3372528 ,ff1df4a0c55711e8bf50e93da3372528 ff2324c0c55711e8bf50e93da3372528 
ignore ID,,92A830620D13D44AAA28F70D5767AF1A ,e30d8da0c30111e8bf50e93da3372528 ,e32693e0c30111e8bf50e93da3372528 
ignore ID,,1AE31DB442812841BD28A88FA8412E39 ,e30d8da0c30111e8bf50e93da3372528 ,500b8390c60811e8bf5f21ced190b1f8 50126160c60811e8bf5f21ced190b1f8 501f59b0c60811e8bf5f21ced190b1f8 50254d20c60811e8bf5f21ced190b1f8 502c5200c60811e8bf5f21ced190b1f8 50324570c60811e8bf5f21ced190b1f8 5037eac0c60811e8bf5f21ced190b1f8 503d41f0c60811e8bf5f21ced190b1f8 50191820c60811e8bf5f21ced190b1f8 
ignore ID,,496210AE19083A4E8181BD7A7F5F4163 ,e30d8da0c30111e8bf50e93da3372528 ,50446de0c60811e8bf5f21ced190b1f8 504a3a40c60811e8bf5f21ced190b1f8 5055abf0c60811e8bf5f21ced190b1f8 505b9f60c60811e8bf5f21ced190b1f8 506192d0c60811e8bf5f21ced190b1f8 50673820c60811e8bf5f21ced190b1f8 504fdf90c60811e8bf5f21ced190b1f8 
ignore ID,,3FBF55496070964A887CCBBF4B6EB9A1 ,e30d8da0c30111e8bf50e93da3372528 ,1ace10f0c5f211e8bf5f21ced190b1f8 
ignore ID,,6CCC5743567C814A9ABCE316FD5DDBD6 ,e30d8da0c30111e8bf50e93da3372528 ,10a81c10c54811e8bf50e93da3372528 10acd700c54811e8bf50e93da3372528 
ignore ID,,787DCC887927D74FB17F53E164F1C148 ,d5cefca0dcba11e8b3be8554970e016f ,d60cf000dcba11e8b3be8554970e016f d60ec4c0dcba11e8b3be8554970e016f d610c090dcba11e8b3be8554970e016f 
ignore ID,,8517022E30703D4AADC2B8D5F86BE82E ,d5cefca0dcba11e8b3be8554970e016f ,d64257e0dcba11e8b3be8554970e016f d644eff0dcba11e8b3be8554970e016f 
ignore ID,,496210AE19083A4E8181BD7A7F5F4163 ,d5cefca0dcba11e8b3be8554970e016f ,d67c2c90dcba11e8b3be8554970e016f d6802430dcba11e8b3be8554970e016f d6875020dcba11e8b3be8554970e016f d68af9a0dcba11e8b3be8554970e016f d68e7c10dcba11e8b3be8554970e016f d69273b0dcba11e8b3be8554970e016f d683f4c0dcba11e8b3be8554970e016f 
ignore ID,,84ADCDB8C5A00047AB51516CE8627FFE ,d5cefca0dcba11e8b3be8554970e016f ,d6170220dcba11e8b3be8554970e016f d6197320dcba11e8b3be8554970e016f 
ignore ID,,60B7B1A0AD44BB4FB93042E6750EB12A ,d5cefca0dcba11e8b3be8554970e016f ,d63b5300dcba11e8b3be8554970e016f 
ignore ID,,321545D17F8543428A875A0F68754956 ,d5cefca0dcba11e8b3be8554970e016f ,d63ed570dcba11e8b3be8554970e016f 
ignore ID,,15B98CDED983524199A74AED2E816496 ,d5cefca0dcba11e8b3be8554970e016f ,d61c8060dcba11e8b3be8554970e016f d61ef160dcba11e8b3be8554970e016f d6216260dcba11e8b3be8554970e016f 
ignore ID,,6D4A7635C23ACB4E9C8420CC478F3158 ,d5cefca0dcba11e8b3be8554970e016f ,d71ba0e0dcba11e8b3be8554970e016f d72082e0dcba11e8b3be8554970e016f d7253dd0dcba11e8b3be8554970e016f 
ignore ID,,3492C0EC6F0F464288EBB0860E4AC78D ,d5cefca0dcba11e8b3be8554970e016f ,d71622a0dcba11e8b3be8554970e016f 
ignore ID,,81B2A8E83697C549B833848B99B532AE ,d5cefca0dcba11e8b3be8554970e016f ,d6d19f90dcba11e8b3be8554970e016f 
ignore ID,,7D42F92575FAF34DA62BB2893DC92A8C ,d5cefca0dcba11e8b3be8554970e016f ,d6c3bce0dcba11e8b3be8554970e016f d6c829b0dcba11e8b3be8554970e016f d6cc6f70dcba11e8b3be8554970e016f 
ignore ID,,B3F29C830FC75644B4C1F789BEA01342 ,d5cefca0dcba11e8b3be8554970e016f ,d6b42c80dcba11e8b3be8554970e016f d6b93590dcba11e8b3be8554970e016f d6be65b0dcba11e8b3be8554970e016f 
ignore ID,,2EE132A7A6899C469CB69BBF3E49F049 ,d5cefca0dcba11e8b3be8554970e016f ,d5e87810dcba11e8b3be8554970e016f 
ignore ID,,EF006B05A6917E4386A4FF156B054FC0 ,d5cefca0dcba11e8b3be8554970e016f ,d659fe90dcba11e8b3be8554970e016f d65d32e0dcba11e8b3be8554970e016f d6601910dcba11e8b3be8554970e016f 
ignore ID,,598EE18F3EB7CC4DA9346DBB2AA3C8B2 ,d5cefca0dcba11e8b3be8554970e016f ,46e108c0dce311e8b3be8554970e016f 
ignore ID,,6CC3456CFB54B24BAB2F5ED77C04032A ,d5cefca0dcba11e8b3be8554970e016f ,d6484b50dcba11e8b3be8554970e016f 
ignore ID,,F14234C9384C4B47906EC92890EBE2FB ,d5cefca0dcba11e8b3be8554970e016f ,d6010920dcba11e8b3be8554970e016f d602dde0dcba11e8b3be8554970e016f d6048b90dcba11e8b3be8554970e016f 
ignore ID,,92A830620D13D44AAA28F70D5767AF1A ,d5cefca0dcba11e8b3be8554970e016f ,d5e51cb0dcba11e8b3be8554970e016f 
ignore ID,,3DD73484BB578D498761EEA97349B12F ,d5cefca0dcba11e8b3be8554970e016f ,d6281920dcba11e8b3be8554970e016f 
ignore ID,,9C1E0D5882B1844BB8CA5352ADDCA4F0 ,d5cefca0dcba11e8b3be8554970e016f ,d710cb70dcba11e8b3be8554970e016f 
ignore ID,,910D0C02C94C0E4EBAC20EC3B5F82B4E ,d5cefca0dcba11e8b3be8554970e016f ,d6aeae40dcba11e8b3be8554970e016f 
ignore ID,,49ED4A7108F45549B1BD286574BBE77A ,d5cefca0dcba11e8b3be8554970e016f ,46d4fad0dce311e8b3be8554970e016f 46db1550dce311e8b3be8554970e016f 
ignore ID,,9D17D08D8C75364A8072C0A229D27CDF ,d5cefca0dcba11e8b3be8554970e016f ,d6fdb8a0dcba11e8b3be8554970e016f 
ignore ID,,5F976B4EA860FE499F516EDD98E43510 ,d5cefca0dcba11e8b3be8554970e016f ,d702c1b0dcba11e8b3be8554970e016f d707cac0dcba11e8b3be8554970e016f d70bc260dcba11e8b3be8554970e016f 
ignore ID,,18BF0CBCB2EBB04EBA341901BBE364C1 ,d5cefca0dcba11e8b3be8554970e016f ,d6f8d6a0dcba11e8b3be8554970e016f 
ignore ID,,6CCC5743567C814A9ABCE316FD5DDBD6 ,d5cefca0dcba11e8b3be8554970e016f ,d66ee620dcba11e8b3be8554970e016f d6721a70dcba11e8b3be8554970e016f 
ignore ID,,7ED8F5679AC8F04A8F232A862FCBC215 ,d5cefca0dcba11e8b3be8554970e016f ,46e7bf80dce311e8b3be8554970e016f 46eca180dce311e8b3be8554970e016f 46f18380dce311e8b3be8554970e016f 
ignore ID,,5847A4158B45FE429DA06D8ACB6EBBA3 ,d5cefca0dcba11e8b3be8554970e016f ,d65606f0dcba11e8b3be8554970e016f 
ignore ID,,25B06E70357D4B4EB02F7B2AAA5F3D75 ,d5cefca0dcba11e8b3be8554970e016f ,d64bf4d0dcba11e8b3be8554970e016f d64e8ce0dcba11e8b3be8554970e016f 
ignore ID,,1AEBB9441149CC49BBCD2C2371864B0A ,d5cefca0dcba11e8b3be8554970e016f ,fb70ad40dd8311e8a22ad759b095277d 
ignore ID,,AD2D5DB09B14AD4FB7C6DFB7FFD2E04D ,d5cefca0dcba11e8b3be8554970e016f ,d613a6c0dcba11e8b3be8554970e016f 
ignore ID,,2F1ADAB6E2453947A84C49B5C3CAA5DE ,d5cefca0dcba11e8b3be8554970e016f ,cae67590dd8511e8a22ad759b095277d 
ignore ID,,0B9B6A41369F3A449E69FDCE68B25F9E ,d5cefca0dcba11e8b3be8554970e016f ,e26df710dd8011e8a22ad759b095277d e2737550dd8011e8a22ad759b095277d e2783040dd8011e8a22ad759b095277d e27e4ac0dd8011e8a22ad759b095277d e28353d0dd8011e8a22ad759b095277d e28835d0dd8011e8a22ad759b095277d 
ignore ID,,1954F5D3F1047C49A8FDBCF549A9940F ,d5cefca0dcba11e8b3be8554970e016f ,8cfc2830dd8311e8a22ad759b095277d 8d010a30dd8311e8a22ad759b095277d 
ignore ID,,BEAEEF64688FD844BB0F8BC2D7C9C606 ,d5cefca0dcba11e8b3be8554970e016f ,d6972ea0dcba11e8b3be8554970e016f 
ignore ID,,DF0A867BB4695D42B9DACC05CCA882D6 ,d5cefca0dcba11e8b3be8554970e016f ,d69c10a0dcba11e8b3be8554970e016f 
ignore ID,,C4B933C945AB7540A5FE9674982EC277 ,d5cefca0dcba11e8b3be8554970e016f ,46f701c0dce311e8b3be8554970e016f 
ignore ID,,63AB54F4F46D9546A298CCF6AC4D2FA0 ,d5cefca0dcba11e8b3be8554970e016f ,d6523660dcba11e8b3be8554970e016f 
ignore ID,,E6A244E41CF3BD449BC6AF6069A67F5A ,d5cefca0dcba11e8b3be8554970e016f ,d624bdc0dcba11e8b3be8554970e016f 
ignore ID,,82253A98F4AF0241BE321423038B1535 ,d5cefca0dcba11e8b3be8554970e016f ,8cf4ae20dd8311e8a22ad759b095277d 
ignore ID,,389C4FCF010497489FE48B324904B83E ,d5cefca0dcba11e8b3be8554970e016f ,d5dabc70dcba11e8b3be8554970e016f d5dd7b90dcba11e8b3be8554970e016f 
ignore ID,,A78939DB38CFD34B92B57AC1560F9DC2 ,d5cefca0dcba11e8b3be8554970e016f ,4256ac20dd8711e8a22ad759b095277d 425cc6a0dd8711e8a22ad759b095277d 4261f6c0dd8711e8a22ad759b095277d 
ignore ID,,3FBF55496070964A887CCBBF4B6EB9A1 ,d5cefca0dcba11e8b3be8554970e016f ,d6e94640dcba11e8b3be8554970e016f d6edda20dcba11e8b3be8554970e016f 
ignore ID,,AADDD9267BFDAF4D8B9AAAA042FF3C68 ,d5cefca0dcba11e8b3be8554970e016f ,424e47b0dd8711e8a22ad759b095277d 
ignore ID,,CCA93D36ADFABE469A2C0BDFF462680B ,d5cefca0dcba11e8b3be8554970e016f ,d5ec6fb0dcba11e8b3be8554970e016f 
