id,stocktake,itemBatch,snapshotNumberOfPacks,packSize,expiryDate,batch,costPrice,sellPrice,countedNumberOfPacks,sortIndex
321eabb0f1cd11e79031b5af59368f9f,302e4d60f1cd11e79031b5af59368f9f ,96cd83d0e14a11e7a5872fa61e46d180 ,1200,1,"2018-07-31 00:00:00 +0000",543150702,0,0,0,32
c503cdc0f1cd11e79031b5af59368f9f,302e4d60f1cd11e79031b5af59368f9f ,c5030a70f1cd11e79031b5af59368f9f ,0,1,<null>,stocktake_1,0,0,37,56
2ca1d1a0f1d511e79031b5af59368f9f,086b0950f1d511e79031b5af59368f9f ,2ca15c70f1d511e79031b5af59368f9f ,0,1,"2018-07-31 00:00:00 +0000",543150702,0,0,1200,1
086d0520f1d511e79031b5af59368f9f,086b0950f1d511e79031b5af59368f9f ,a389dc40e14a11e7a5872fa61e46d180 ,220,1,"2019-06-30 00:00:00 +0000",543160604,0,0,1000,0
32319770f1cd11e79031b5af59368f9f,302e4d60f1cd11e79031b5af59368f9f ,a389dc40e14a11e7a5872fa61e46d180 ,1000,1,"2019-06-30 00:00:00 +0000",543160604,0,0,220,33
01efb250348b11e1bd5fc5c422a3fadd,01e32f30348b11e1bd5fc5c422a3fadd ,92de0c10e14811e7a5872fa61e46d180 ,1,1,"2018-10-31 00:00:00 +0000",supplierinvoice_1,0,0,1,3
01f111e0348b11e1bd5fc5c422a3fadd,01e32f30348b11e1bd5fc5c422a3fadd ,7F14BB1C53362640A2CE51A2B14F8CBA ,63,1,"2018-04-30 00:00:00 +0000",DYI1516167,0,0,63,4
01f382e0348b11e1bd5fc5c422a3fadd,01e32f30348b11e1bd5fc5c422a3fadd ,e8713e40e14811e7a5872fa61e46d180 ,143,1,"2018-09-30 00:00:00 +0000",supplierinvoice_1,0,0,143,5
01f5f3e0348b11e1bd5fc5c422a3fadd,01e32f30348b11e1bd5fc5c422a3fadd ,EDE666C4D80CAB4CB02916C8482DC641 ,700,1,"2019-02-28 00:00:00 +0000",AAM17004,0,0,700,6
01f8da10348b11e1bd5fc5c422a3fadd,01e32f30348b11e1bd5fc5c422a3fadd ,AC416F637D869F4C8D0518F477CEF334 ,200,1,"2019-04-30 00:00:00 +0000",HE16E05,0,0,200,7
01fecd80348b11e1bd5fc5c422a3fadd,01e32f30348b11e1bd5fc5c422a3fadd ,6b7e9070152511e8884ef1796b006edd ,11600,1,<null>,stocktake_8,0,0,11600,9
0201b3b0348b11e1bd5fc5c422a3fadd,01e32f30348b11e1bd5fc5c422a3fadd ,982d9ee0152511e8884ef1796b006edd ,3000,1,<null>,stocktake_8,0,0,3000,10
02044bc0348b11e1bd5fc5c422a3fadd,01e32f30348b11e1bd5fc5c422a3fadd ,A63775DD10A3514BB9006042C2CC9E34 ,59,1,"2019-06-30 00:00:00 +0000",16018B99,37,0,59,11
138213c0f74711e7a8580fb1f78de0a2,137f54a0f74711e7a8580fb1f78de0a2 ,0e274c30e14c11e7a5872fa61e46d180 ,25,1,"2018-04-30 00:00:00 +0000",supplierinvoice_1,0,0,24,0
aa4a3c60f74711e7a8580fb1f78de0a2,aa472f20f74711e7a8580fb1f78de0a2 ,0e274c30e14c11e7a5872fa61e46d180 ,25,1,"2018-04-30 00:00:00 +0000",supplierinvoice_1,0,0,24,0
01e9bee0348b11e1bd5fc5c422a3fadd,01e32f30348b11e1bd5fc5c422a3fadd ,F226D1107F52AD4D9041FE1072B68630 ,14600,1,"2020-11-30 00:00:00 +0000",S15,0.01,0,14600,1
01ed6860348b11e1bd5fc5c422a3fadd,01e32f30348b11e1bd5fc5c422a3fadd ,482BB03D1ED49A4585E167CBDC1B6EAA ,29600,1,"2019-07-31 00:00:00 +0000",6777160702,1,0,29600,2
01e6b1a0348b11e1bd5fc5c422a3fadd,01e32f30348b11e1bd5fc5c422a3fadd ,A959AC8A69647B47AD3D38D741940CEC ,40,1,"2019-12-31 00:00:00 +0000",supplierinvoice_17,0,0,40,0
02fc4050348b11e1bd5fc5c422a3fadd,01e32f30348b11e1bd5fc5c422a3fadd ,E5882DB72DA38B44A3C2C9259EE899A3 ,70,1,<null>,supplierinvoice_18,0,0,70,63
02f51460348b11e1bd5fc5c422a3fadd,01e32f30348b11e1bd5fc5c422a3fadd ,546C0ECD25BDD94AA9AEBC42A0D4DD68 ,1290,1,"2019-12-31 00:00:00 +0000",HCG21612,6,0,1290,62
02ee0f80348b11e1bd5fc5c422a3fadd,01e32f30348b11e1bd5fc5c422a3fadd ,E5D65C54F888E449992B6C8E970F6C12 ,56,1,<null>,supplierinvoice_21,0.79,0,56,61
02e731b0348b11e1bd5fc5c422a3fadd,01e32f30348b11e1bd5fc5c422a3fadd ,7F530F356C2996439A64CD1114EE45FF ,172,1,<null>,supplierinvoice_20,2.08,2.08,172,60
02e053e0348b11e1bd5fc5c422a3fadd,01e32f30348b11e1bd5fc5c422a3fadd ,B33AEC8E0AE47A47ACF3CE7BDA28F161 ,1235,1,"2020-12-31 00:00:00 +0000",1801001,24,0,1235,59
02d97610348b11e1bd5fc5c422a3fadd,01e32f30348b11e1bd5fc5c422a3fadd ,effbe8b0e14b11e7a5872fa61e46d180 ,100,1,"2019-08-31 00:00:00 +0000",supplierinvoice_1,0,0,100,58
02d35b90348b11e1bd5fc5c422a3fadd,01e32f30348b11e1bd5fc5c422a3fadd ,75b31e10e14711e7a5872fa61e46d180 ,20,1,"2018-08-31 00:00:00 +0000",supplierinvoice_1,0,0,20,57
02cd1a00348b11e1bd5fc5c422a3fadd,01e32f30348b11e1bd5fc5c422a3fadd ,77979d8007ff11e886b3f1f1b7745e45 ,1,1,<null>,supplierinvoice_19,0,0,1,56
02c774b0348b11e1bd5fc5c422a3fadd,01e32f30348b11e1bd5fc5c422a3fadd ,8ddb8460e14b11e7a5872fa61e46d180 ,4,1,<null>,supplierinvoice_1,0,0,4,55
02c0bdf0348b11e1bd5fc5c422a3fadd,01e32f30348b11e1bd5fc5c422a3fadd ,7b16ad50e14b11e7a5872fa61e46d180 ,5,1,<null>,supplierinvoice_1,0,0,5,54
02ba7c60348b11e1bd5fc5c422a3fadd,01e32f30348b11e1bd5fc5c422a3fadd ,6a3bd0c007ff11e886b3f1f1b7745e45 ,1,1,<null>,supplierinvoice_19,0,0,1,53
02b52530348b11e1bd5fc5c422a3fadd,01e32f30348b11e1bd5fc5c422a3fadd ,70bbeb90e14b11e7a5872fa61e46d180 ,1,1,<null>,supplierinvoice_1,0,0,1,52
02aebc90348b11e1bd5fc5c422a3fadd,01e32f30348b11e1bd5fc5c422a3fadd ,da663e60e14b11e7a5872fa61e46d180 ,20,1,"2021-04-30 00:00:00 +0000",supplierinvoice_1,0,0,20,51
02a8c920348b11e1bd5fc5c422a3fadd,01e32f30348b11e1bd5fc5c422a3fadd ,7832C0D53CFE314591C8E49EF0E12F7B ,3,1,<null>,supplierinvoice_21,7.67,0,3,50
02a39900348b11e1bd5fc5c422a3fadd,01e32f30348b11e1bd5fc5c422a3fadd ,68A53ED36135D949974D43DCDC459F55 ,14,1,<null>,supplierinvoice_21,7.67,0,14,49
029e68e0348b11e1bd5fc5c422a3fadd,01e32f30348b11e1bd5fc5c422a3fadd ,0AD8ECC39399B444BFA220AB4955175C ,1,1,<null>,supplierinvoice_21,767,0,1,48
029938c0348b11e1bd5fc5c422a3fadd,01e32f30348b11e1bd5fc5c422a3fadd ,86C27DAD990C234CA6058FFE1B2E807F ,7,1,<null>,supplierinvoice_3,0,0,7,47
02934550348b11e1bd5fc5c422a3fadd,01e32f30348b11e1bd5fc5c422a3fadd ,C78C4ADE23680E4ABAE97547BE771EA4 ,700,1,"2018-10-31 00:00:00 +0000",421016F,0,0,700,46
028da000348b11e1bd5fc5c422a3fadd,01e32f30348b11e1bd5fc5c422a3fadd ,167829a0e14b11e7a5872fa61e46d180 ,1000,1,"2019-05-31 00:00:00 +0000",supplierinvoice_1,0,0,1000,45
0288be00348b11e1bd5fc5c422a3fadd,01e32f30348b11e1bd5fc5c422a3fadd ,097af7a0e14b11e7a5872fa61e46d180 ,283,1,"2018-12-31 00:00:00 +0000",supplierinvoice_1,0,0,283,44
0283dc00348b11e1bd5fc5c422a3fadd,01e32f30348b11e1bd5fc5c422a3fadd ,F6ACA53A0DA2F24BBAECF93B090B35BC ,54000,1,"2020-08-31 00:00:00 +0000",PRA716,0.01,0,54000,43
028080a0348b11e1bd5fc5c422a3fadd,01e32f30348b11e1bd5fc5c422a3fadd ,D9AFA70E76376A4284C7292D1A964BEB ,10000,1,"2020-08-31 00:00:00 +0000",PRA716,0,0,10000,42
027b9ea0348b11e1bd5fc5c422a3fadd,01e32f30348b11e1bd5fc5c422a3fadd ,893FC79384A3FC48ADE2497ADD593964 ,2100,1,<null>,supplierinvoice_21,0.07000000000000001,0,2100,41
027758e0348b11e1bd5fc5c422a3fadd,01e32f30348b11e1bd5fc5c422a3fadd ,6E89A6F4642B4E40979DAA7AA9F16E84 ,370,1,<null>,supplierinvoice_18,0,0,370,40
0271daa0348b11e1bd5fc5c422a3fadd,01e32f30348b11e1bd5fc5c422a3fadd ,b13ffe00e14a11e7a5872fa61e46d180 ,720,1,"2020-03-31 00:00:00 +0000",supplierinvoice_1,0,0,720,39
026caa80348b11e1bd5fc5c422a3fadd,01e32f30348b11e1bd5fc5c422a3fadd ,a389dc40e14a11e7a5872fa61e46d180 ,1000,1,"2019-06-30 00:00:00 +0000",543160604,0,0,1000,38
02677a60348b11e1bd5fc5c422a3fadd,01e32f30348b11e1bd5fc5c422a3fadd ,ed01b850f74011e7a8580fb1f78de0a2 ,154,1,<null>,supplierinvoice_15,0,0,154,37
026334a0348b11e1bd5fc5c422a3fadd,01e32f30348b11e1bd5fc5c422a3fadd ,2301e0b0e14811e7a5872fa61e46d180 ,6737,1,<null>,supplierinvoice_1,0,0,6737,36
025e2b90348b11e1bd5fc5c422a3fadd,01e32f30348b11e1bd5fc5c422a3fadd ,5B68CC6BF634EB46ADD895DC962A3065 ,238,1,"2020-04-30 00:00:00 +0000",M27007,0.28,0,238,35
025a0ce0348b11e1bd5fc5c422a3fadd,01e32f30348b11e1bd5fc5c422a3fadd ,84892760e14a11e7a5872fa61e46d180 ,500,1,"2019-07-31 00:00:00 +0000",supplierinvoice_1,0,0,500,34
0251a870348b11e1bd5fc5c422a3fadd,01e32f30348b11e1bd5fc5c422a3fadd ,BBEE5162742A87498E0D9F0167A09082 ,28,1,<null>,supplierinvoice_20,0.48,0,28,32
0256b180348b11e1bd5fc5c422a3fadd,01e32f30348b11e1bd5fc5c422a3fadd ,7531ffd0e14a11e7a5872fa61e46d180 ,81,1,"2018-11-30 00:00:00 +0000",supplierinvoice_1,0,0,81,33
024cc670348b11e1bd5fc5c422a3fadd,01e32f30348b11e1bd5fc5c422a3fadd ,CA31CE5A2BA168449B59FFF293373964 ,1080,1,"2022-03-31 00:00:00 +0000",76702302,0.38,0,1080,31
02491cf0348b11e1bd5fc5c422a3fadd,01e32f30348b11e1bd5fc5c422a3fadd ,15CF0FA7654E524DAECBCEAA179A4005 ,545,1,"2022-03-31 00:00:00 +0000",7C702202,38,0,545,30
0244b020348b11e1bd5fc5c422a3fadd,01e32f30348b11e1bd5fc5c422a3fadd ,8cc02e2007ff11e886b3f1f1b7745e45 ,200,1,<null>,supplierinvoice_19,0,0,200,29
02417bd0348b11e1bd5fc5c422a3fadd,01e32f30348b11e1bd5fc5c422a3fadd ,60ff9990e14b11e7a5872fa61e46d180 ,700,1,<null>,supplierinvoice_1,0,0,700,28
023ce7f0348b11e1bd5fc5c422a3fadd,01e32f30348b11e1bd5fc5c422a3fadd ,63896e30e14a11e7a5872fa61e46d180 ,1500,1,"2019-08-31 00:00:00 +0000",supplierinvoice_1,0,0,1500,27
02393e70348b11e1bd5fc5c422a3fadd,01e32f30348b11e1bd5fc5c422a3fadd ,451294b0e14811e7a5872fa61e46d180 ,10,1,"2019-11-30 00:00:00 +0000",supplierinvoice_1,0,0,10,26
02356de0348b11e1bd5fc5c422a3fadd,01e32f30348b11e1bd5fc5c422a3fadd ,37694760e14c11e7a5872fa61e46d180 ,31000,1,"2021-09-30 00:00:00 +0000",supplierinvoice_1,0,0,31000,25
02317640348b11e1bd5fc5c422a3fadd,01e32f30348b11e1bd5fc5c422a3fadd ,467c8820e14c11e7a5872fa61e46d180 ,6500,1,"2022-04-30 00:00:00 +0000",supplierinvoice_1,0,0,6500,24
022e1ae0348b11e1bd5fc5c422a3fadd,01e32f30348b11e1bd5fc5c422a3fadd ,2a2659d0e14c11e7a5872fa61e46d180 ,23300,1,"2022-01-31 00:00:00 +0000",supplierinvoice_1,0,0,23300,23
0229ae10348b11e1bd5fc5c422a3fadd,01e32f30348b11e1bd5fc5c422a3fadd ,1e4e9500e14c11e7a5872fa61e46d180 ,4000,1,"2019-01-31 00:00:00 +0000",supplierinvoice_1,0,0,4000,22
0225b670348b11e1bd5fc5c422a3fadd,01e32f30348b11e1bd5fc5c422a3fadd ,8CF8E7617E8EFA4F90555CB1F51580E4 ,9800,1,"2019-02-28 00:00:00 +0000",0937K3,1,0,9800,21
022197c0348b11e1bd5fc5c422a3fadd,01e32f30348b11e1bd5fc5c422a3fadd ,E03456F553551742A2347773EC87C9C2 ,12000,1,"2020-11-30 00:00:00 +0000",T3017403,0,0,12000,20
021785a0348b11e1bd5fc5c422a3fadd,01e32f30348b11e1bd5fc5c422a3fadd ,F36976970718CB48A73000D382D24429 ,18500,1,"2020-03-31 00:00:00 +0000",CP7002,0,0,18500,17
021e6370348b11e1bd5fc5c422a3fadd,01e32f30348b11e1bd5fc5c422a3fadd ,635BB9910E64234EA84CC3C8F9432CA6 ,1518,1,"2020-01-31 00:00:00 +0000",7153B,0.38,0,1518,19
021b2f20348b11e1bd5fc5c422a3fadd,01e32f30348b11e1bd5fc5c422a3fadd ,ad1aa1d0e14b11e7a5872fa61e46d180 ,294,1,<null>,supplierinvoice_1,0,0,294,18
02147860348b11e1bd5fc5c422a3fadd,01e32f30348b11e1bd5fc5c422a3fadd ,f139aac0e14911e7a5872fa61e46d180 ,640,1,"2019-11-30 00:00:00 +0000",supplierinvoice_1,0,0,640,16
021080c0348b11e1bd5fc5c422a3fadd,01e32f30348b11e1bd5fc5c422a3fadd ,c38e6200e14911e7a5872fa61e46d180 ,-100,1,"2018-05-31 00:00:00 +0000",supplierinvoice_1,0,0,100,15
020d2560348b11e1bd5fc5c422a3fadd,01e32f30348b11e1bd5fc5c422a3fadd ,4370f01007ff11e886b3f1f1b7745e45 ,2,1,"2018-11-30 00:00:00 +0000",supplierinvoice_19,0,0,2,14
020adb70348b11e1bd5fc5c422a3fadd,01e32f30348b11e1bd5fc5c422a3fadd ,6a8fdc30e14711e7a5872fa61e46d180 ,36,1,<null>,supplierinvoice_1,0,0,36,13
01fbe750348b11e1bd5fc5c422a3fadd,01e32f30348b11e1bd5fc5c422a3fadd ,1E5329379BE3FE47B528A49FD02E10D3 ,1340,1,"2020-12-31 00:00:00 +0000"," 000",0,0,1340,8
0207a720348b11e1bd5fc5c422a3fadd,01e32f30348b11e1bd5fc5c422a3fadd ,79F6157E9DBC2544A48CB828707FFACE ,192,1,<null>,supplierinvoice_21,0.1,0,192,12
35691bb00afb11e8b3cc4b7fa3cb3cef,3564d5f00afb11e8b3cc4b7fa3cb3cef ,A959AC8A69647B47AD3D38D741940CEC ,1770,1,"2019-12-31 00:00:00 +0000",supplierinvoice_17,0.02,0,1770,0
356c28f00afb11e8b3cc4b7fa3cb3cef,3564d5f00afb11e8b3cc4b7fa3cb3cef ,06B9112570236E4C91352DF5B4F4F213 ,6500,1,"2020-04-30 00:00:00 +0000",514,1,0,6500,1
356dd6a00afb11e8b3cc4b7fa3cb3cef,3564d5f00afb11e8b3cc4b7fa3cb3cef ,132EDE29EB2E22499A967F0A8B2DFC85 ,16500,1,"2019-07-31 00:00:00 +0000",6777160702,1,0,16500,2
356fd2700afb11e8b3cc4b7fa3cb3cef,3564d5f00afb11e8b3cc4b7fa3cb3cef ,92de0c10e14811e7a5872fa61e46d180 ,1,1,"2018-10-31 00:00:00 +0000",supplierinvoice_1,0,0,1,3
3570e3e00afb11e8b3cc4b7fa3cb3cef,3564d5f00afb11e8b3cc4b7fa3cb3cef ,7F14BB1C53362640A2CE51A2B14F8CBA ,71,1,"2018-04-30 00:00:00 +0000",DYI1516167,0,0,71,4
3572b8a00afb11e8b3cc4b7fa3cb3cef,3564d5f00afb11e8b3cc4b7fa3cb3cef ,e8713e40e14811e7a5872fa61e46d180 ,148,1,"2018-09-30 00:00:00 +0000",supplierinvoice_1,0,0,148,5
357529a00afb11e8b3cc4b7fa3cb3cef,3564d5f00afb11e8b3cc4b7fa3cb3cef ,EDE666C4D80CAB4CB02916C8482DC641 ,700,1,"2019-02-28 00:00:00 +0000",AAM17004,0.01,0,700,6
3577c1b00afb11e8b3cc4b7fa3cb3cef,3564d5f00afb11e8b3cc4b7fa3cb3cef ,AC416F637D869F4C8D0518F477CEF334 ,200,1,"2019-04-30 00:00:00 +0000",HE16E05,11,0,200,7
357d8e100afb11e8b3cc4b7fa3cb3cef,3564d5f00afb11e8b3cc4b7fa3cb3cef ,C13212A83CC89F4391AD5EE27F9075B9 ,15000,1,<null>,supplierinvoice_18,0,0,15000,9
358026200afb11e8b3cc4b7fa3cb3cef,3564d5f00afb11e8b3cc4b7fa3cb3cef ,E1448ABFD60B8C49B94B744E12905A9F ,3000,1,<null>,supplierinvoice_17,0,0,3000,10
358333600afb11e8b3cc4b7fa3cb3cef,3564d5f00afb11e8b3cc4b7fa3cb3cef ,8D3403A0F1B99A458A4042ED83C18803 ,14,1,"2019-06-30 00:00:00 +0000",16018B99,37,0,14,11
357a80d00afb11e8b3cc4b7fa3cb3cef,3564d5f00afb11e8b3cc4b7fa3cb3cef ,767A90F8BCA95743963E18EB54A4E1E5 ,770,1,<null>,supplierinvoice_18,0.05,0,770,8
3585cb700afb11e8b3cc4b7fa3cb3cef,3564d5f00afb11e8b3cc4b7fa3cb3cef ,6a8fdc30e14711e7a5872fa61e46d180 ,36,1,<null>,supplierinvoice_1,0,0,36,12
3587a0300afb11e8b3cc4b7fa3cb3cef,3564d5f00afb11e8b3cc4b7fa3cb3cef ,4370f01007ff11e886b3f1f1b7745e45 ,2,1,"2018-11-30 00:00:00 +0000",supplierinvoice_19,0,0,2,13
358a86600afb11e8b3cc4b7fa3cb3cef,3564d5f00afb11e8b3cc4b7fa3cb3cef ,c38e6200e14911e7a5872fa61e46d180 ,200,1,"2018-05-31 00:00:00 +0000",supplierinvoice_1,0,0,200,14
358d93a00afb11e8b3cc4b7fa3cb3cef,3564d5f00afb11e8b3cc4b7fa3cb3cef ,f139aac0e14911e7a5872fa61e46d180 ,2640,1,"2019-11-30 00:00:00 +0000",supplierinvoice_1,0,0,2640,15
359052c00afb11e8b3cc4b7fa3cb3cef,3564d5f00afb11e8b3cc4b7fa3cb3cef ,6b234d20e14811e7a5872fa61e46d180 ,25,1,"2018-04-30 00:00:00 +0000",supplierinvoice_1,0,0,25,16
359338f00afb11e8b3cc4b7fa3cb3cef,3564d5f00afb11e8b3cc4b7fa3cb3cef ,F93F06FD9E1FD14EB5394ADA9B6E5CE1 ,1400,1,"2019-12-31 00:00:00 +0000",999161201,0,0,1400,17
3595a9f00afb11e8b3cc4b7fa3cb3cef,3564d5f00afb11e8b3cc4b7fa3cb3cef ,4743C1E3635B124695DE32344045F315 ,11000,1,"2019-12-31 00:00:00 +0000",999161201,0,0,11000,18
35992c600afb11e8b3cc4b7fa3cb3cef,3564d5f00afb11e8b3cc4b7fa3cb3cef ,1415ec20e14a11e7a5872fa61e46d180 ,800,1,"2018-05-31 00:00:00 +0000",supplierinvoice_1,0,0,800,19
359c87c00afb11e8b3cc4b7fa3cb3cef,3564d5f00afb11e8b3cc4b7fa3cb3cef ,ad1aa1d0e14b11e7a5872fa61e46d180 ,353,1,<null>,supplierinvoice_1,0,0,353,20
359f95000afb11e8b3cc4b7fa3cb3cef,3564d5f00afb11e8b3cc4b7fa3cb3cef ,a84b3c40e14711e7a5872fa61e46d180 ,17,1,"2018-04-30 00:00:00 +0000",supplierinvoice_1,0,0,17,21
35a2f0600afb11e8b3cc4b7fa3cb3cef,3564d5f00afb11e8b3cc4b7fa3cb3cef ,2b953e00e14a11e7a5872fa61e46d180 ,1000,1,"2018-06-30 00:00:00 +0000",supplierinvoice_1,0,0,1000,22
35a672d00afb11e8b3cc4b7fa3cb3cef,3564d5f00afb11e8b3cc4b7fa3cb3cef ,92530CD69643E34BBCA105FBEAC7CCEC ,597,1,"2019-08-31 00:00:00 +0000",ZP656003,38,0,597,23
35a9ce300afb11e8b3cc4b7fa3cb3cef,3564d5f00afb11e8b3cc4b7fa3cb3cef ,FC58365A2556C749BE9FF8BAD484C5EB ,1800,1,"2020-11-30 00:00:00 +0000",502,0,0,1800,24
35acdb700afb11e8b3cc4b7fa3cb3cef,3564d5f00afb11e8b3cc4b7fa3cb3cef ,9A07CD15F2388C41877BD1F5A0B8DDDB ,4400,1,"2020-11-30 00:00:00 +0000",T3017403,0,0,4400,25
35b0ac000afb11e8b3cc4b7fa3cb3cef,3564d5f00afb11e8b3cc4b7fa3cb3cef ,4fb17970e14a11e7a5872fa61e46d180 ,1400,1,"2020-07-31 00:00:00 +0000",supplierinvoice_1,0,0,1400,26
35b344100afb11e8b3cc4b7fa3cb3cef,3564d5f00afb11e8b3cc4b7fa3cb3cef ,1DD018EFDC820B478CC261DDBBC48630 ,4100,1,"2019-04-30 00:00:00 +0000",0937K3,1,0,4100,27
35b73bb00afb11e8b3cc4b7fa3cb3cef,3564d5f00afb11e8b3cc4b7fa3cb3cef ,1e4e9500e14c11e7a5872fa61e46d180 ,4000,1,"2019-01-31 00:00:00 +0000",supplierinvoice_1,0,0,4000,28
35bb0c400afb11e8b3cc4b7fa3cb3cef,3564d5f00afb11e8b3cc4b7fa3cb3cef ,2a2659d0e14c11e7a5872fa61e46d180 ,27500,1,"2022-01-31 00:00:00 +0000",supplierinvoice_1,0,0,27500,29
35bdf2700afb11e8b3cc4b7fa3cb3cef,3564d5f00afb11e8b3cc4b7fa3cb3cef ,467c8820e14c11e7a5872fa61e46d180 ,6500,1,"2022-04-30 00:00:00 +0000",supplierinvoice_1,0,0,6500,30
35c174e00afb11e8b3cc4b7fa3cb3cef,3564d5f00afb11e8b3cc4b7fa3cb3cef ,37694760e14c11e7a5872fa61e46d180 ,31000,1,"2021-09-30 00:00:00 +0000",supplierinvoice_1,0,0,31000,31
35c51e600afb11e8b3cc4b7fa3cb3cef,3564d5f00afb11e8b3cc4b7fa3cb3cef ,e4e5ea10e14711e7a5872fa61e46d180 ,10,1,"2018-02-28 00:00:00 +0000",supplierinvoice_1,0,0,10,32
35c8c7e00afb11e8b3cc4b7fa3cb3cef,3564d5f00afb11e8b3cc4b7fa3cb3cef ,451294b0e14811e7a5872fa61e46d180 ,10,1,"2019-11-30 00:00:00 +0000",supplierinvoice_1,0,0,10,33
35ccbf800afb11e8b3cc4b7fa3cb3cef,3564d5f00afb11e8b3cc4b7fa3cb3cef ,63896e30e14a11e7a5872fa61e46d180 ,1500,1,"2019-08-31 00:00:00 +0000",supplierinvoice_1,0,0,1500,34
35d105400afb11e8b3cc4b7fa3cb3cef,3564d5f00afb11e8b3cc4b7fa3cb3cef ,60ff9990e14b11e7a5872fa61e46d180 ,1100,1,<null>,supplierinvoice_1,0,0,1100,35
35d439900afb11e8b3cc4b7fa3cb3cef,3564d5f00afb11e8b3cc4b7fa3cb3cef ,8cc02e2007ff11e886b3f1f1b7745e45 ,200,1,<null>,supplierinvoice_19,0,0,200,36
35d831300afb11e8b3cc4b7fa3cb3cef,3564d5f00afb11e8b3cc4b7fa3cb3cef ,8AD3692429055D4D9DBBFCCD4E682193 ,43,1,"2020-09-30 00:00:00 +0000",3434C1,0.48,0,43,37
35dc28d00afb11e8b3cc4b7fa3cb3cef,3564d5f00afb11e8b3cc4b7fa3cb3cef ,7531ffd0e14a11e7a5872fa61e46d180 ,81,1,"2018-11-30 00:00:00 +0000",supplierinvoice_1,0,0,81,38
35df84300afb11e8b3cc4b7fa3cb3cef,3564d5f00afb11e8b3cc4b7fa3cb3cef ,84892760e14a11e7a5872fa61e46d180 ,500,1,"2019-07-31 00:00:00 +0000",supplierinvoice_1,0,0,500,39
35e3c9f00afb11e8b3cc4b7fa3cb3cef,3564d5f00afb11e8b3cc4b7fa3cb3cef ,2301e0b0e14811e7a5872fa61e46d180 ,6748,1,<null>,supplierinvoice_1,0,0,6748,40
35e74c600afb11e8b3cc4b7fa3cb3cef,3564d5f00afb11e8b3cc4b7fa3cb3cef ,ed01b850f74011e7a8580fb1f78de0a2 ,154,1,<null>,supplierinvoice_15,0,0,154,41
35ec2e600afb11e8b3cc4b7fa3cb3cef,3564d5f00afb11e8b3cc4b7fa3cb3cef ,a389dc40e14a11e7a5872fa61e46d180 ,1000,1,"2019-06-30 00:00:00 +0000",543160604,0,0,1000,42
35f04d100afb11e8b3cc4b7fa3cb3cef,3564d5f00afb11e8b3cc4b7fa3cb3cef ,2ca15c70f1d511e79031b5af59368f9f ,500,1,"2018-07-31 00:00:00 +0000",543150702,0,0,500,43
35f492d00afb11e8b3cc4b7fa3cb3cef,3564d5f00afb11e8b3cc4b7fa3cb3cef ,b13ffe00e14a11e7a5872fa61e46d180 ,720,1,"2020-03-31 00:00:00 +0000",supplierinvoice_1,0,0,720,44
35f8ffa00afb11e8b3cc4b7fa3cb3cef,3564d5f00afb11e8b3cc4b7fa3cb3cef ,6E89A6F4642B4E40979DAA7AA9F16E84 ,2734,1,<null>,supplierinvoice_18,0.07000000000000001,0,2734,45
35fd45600afb11e8b3cc4b7fa3cb3cef,3564d5f00afb11e8b3cc4b7fa3cb3cef ,D9AFA70E76376A4284C7292D1A964BEB ,45200,1,"2020-08-31 00:00:00 +0000",PRA716,0.01,0,45200,46
3601b2300afb11e8b3cc4b7fa3cb3cef,3564d5f00afb11e8b3cc4b7fa3cb3cef ,ea247de0f1ee11e7900945d7ca3e6bf7 ,29,1,"2019-09-30 00:00:00 +0000",supplierinvoice_7,0,0,29,47
3604bf700afb11e8b3cc4b7fa3cb3cef,3564d5f00afb11e8b3cc4b7fa3cb3cef ,E22E4E7DF70DDB499AA34C40EB63DB26 ,37,1,"2023-01-31 00:00:00 +0000",8592,1.4,0,37,48
36092c400afb11e8b3cc4b7fa3cb3cef,3564d5f00afb11e8b3cc4b7fa3cb3cef ,097af7a0e14b11e7a5872fa61e46d180 ,283,1,"2018-12-31 00:00:00 +0000",supplierinvoice_1,0,0,283,49
360caeb00afb11e8b3cc4b7fa3cb3cef,3564d5f00afb11e8b3cc4b7fa3cb3cef ,167829a0e14b11e7a5872fa61e46d180 ,1000,1,"2019-05-31 00:00:00 +0000",supplierinvoice_1,0,0,1000,50
3611ded00afb11e8b3cc4b7fa3cb3cef,3564d5f00afb11e8b3cc4b7fa3cb3cef ,C78C4ADE23680E4ABAE97547BE771EA4 ,1650,1,"2018-10-31 00:00:00 +0000",421016F,35,0,1650,51
361adf800afb11e8b3cc4b7fa3cb3cef,3564d5f00afb11e8b3cc4b7fa3cb3cef ,86C27DAD990C234CA6058FFE1B2E807F ,13,1,<null>,supplierinvoice_3,0,0,13,53
361f9a700afb11e8b3cc4b7fa3cb3cef,3564d5f00afb11e8b3cc4b7fa3cb3cef ,da663e60e14b11e7a5872fa61e46d180 ,20,1,"2021-04-30 00:00:00 +0000",supplierinvoice_1,0,0,20,54
3624ca900afb11e8b3cc4b7fa3cb3cef,3564d5f00afb11e8b3cc4b7fa3cb3cef ,70bbeb90e14b11e7a5872fa61e46d180 ,1,1,<null>,supplierinvoice_1,0,0,1,55
362910500afb11e8b3cc4b7fa3cb3cef,3564d5f00afb11e8b3cc4b7fa3cb3cef ,6a3bd0c007ff11e886b3f1f1b7745e45 ,1,1,<null>,supplierinvoice_19,0,0,1,56
362e67800afb11e8b3cc4b7fa3cb3cef,3564d5f00afb11e8b3cc4b7fa3cb3cef ,7b16ad50e14b11e7a5872fa61e46d180 ,5,1,<null>,supplierinvoice_1,0,0,5,57
363397a00afb11e8b3cc4b7fa3cb3cef,3564d5f00afb11e8b3cc4b7fa3cb3cef ,8ddb8460e14b11e7a5872fa61e46d180 ,4,1,<null>,supplierinvoice_1,0,0,4,58
3637b6500afb11e8b3cc4b7fa3cb3cef,3564d5f00afb11e8b3cc4b7fa3cb3cef ,77979d8007ff11e886b3f1f1b7745e45 ,1,1,<null>,supplierinvoice_19,0,0,1,59
363c71400afb11e8b3cc4b7fa3cb3cef,3564d5f00afb11e8b3cc4b7fa3cb3cef ,75b31e10e14711e7a5872fa61e46d180 ,20,1,"2018-08-31 00:00:00 +0000",supplierinvoice_1,0,0,20,60
36423da00afb11e8b3cc4b7fa3cb3cef,3564d5f00afb11e8b3cc4b7fa3cb3cef ,027a40e0e14c11e7a5872fa61e46d180 ,3,1,"2018-06-30 00:00:00 +0000",supplierinvoice_1,0,0,3,61
3647bbe00afb11e8b3cc4b7fa3cb3cef,3564d5f00afb11e8b3cc4b7fa3cb3cef ,effbe8b0e14b11e7a5872fa61e46d180 ,100,1,"2019-08-31 00:00:00 +0000",supplierinvoice_1,0,0,100,62
364d13100afb11e8b3cc4b7fa3cb3cef,3564d5f00afb11e8b3cc4b7fa3cb3cef ,f6392cc0f4f011e7bf15c9f215211448 ,3,1,"2022-03-31 00:00:00 +0000",supplierinvoice_11,0,0,3,63
3651ce000afb11e8b3cc4b7fa3cb3cef,3564d5f00afb11e8b3cc4b7fa3cb3cef ,39880C603BB1164BBFEE0C35948BB6A7 ,272,1,"2020-12-31 00:00:00 +0000",1801001,24,0,272,64
361672b00afb11e8b3cc4b7fa3cb3cef,3564d5f00afb11e8b3cc4b7fa3cb3cef ,0e274c30e14c11e7a5872fa61e46d180 ,24,1,"2018-04-30 00:00:00 +0000",supplierinvoice_1,0,0,24,52
365725300afb11e8b3cc4b7fa3cb3cef,3564d5f00afb11e8b3cc4b7fa3cb3cef ,EA9ADC28B7259147A975C0D649C2C91B ,13,1,<null>,supplierinvoice_18,0.79,0,13,65
365c7c600afb11e8b3cc4b7fa3cb3cef,3564d5f00afb11e8b3cc4b7fa3cb3cef ,0CF513933BABCA4EB1F69F5024D4B366 ,1100,1,"2019-11-30 00:00:00 +0000",05DDCO34A,0.34,0,1100,66
3661faa00afb11e8b3cc4b7fa3cb3cef,3564d5f00afb11e8b3cc4b7fa3cb3cef ,4ACDBE50F301BB47862731D7B5FE6CAB ,515,1,"2019-12-31 00:00:00 +0000",HCG21612,6,0,515,67
36679ff00afb11e8b3cc4b7fa3cb3cef,3564d5f00afb11e8b3cc4b7fa3cb3cef ,E5882DB72DA38B44A3C2C9259EE899A3 ,202,1,<null>,supplierinvoice_18,125,0,202,68
366f1a000afb11e8b3cc4b7fa3cb3cef,3564d5f00afb11e8b3cc4b7fa3cb3cef ,988c2e50e14b11e7a5872fa61e46d180 ,16,1,<null>,supplierinvoice_1,0,0,16,69
36755b900afb11e8b3cc4b7fa3cb3cef,3564d5f00afb11e8b3cc4b7fa3cb3cef ,8EBE763F81C6184F9E6A2114B8B17EB6 ,1250,1,"2020-09-30 00:00:00 +0000",supplierinvoice_2,0,0,1250,70
367ab2c00afb11e8b3cc4b7fa3cb3cef,3564d5f00afb11e8b3cc4b7fa3cb3cef ,4865A5D5ECAB654291733056E1075CAF ,110,1,"2020-03-31 00:00:00 +0000",supplierinvoice_3,0,0,110,71
0ba0aca0152611e8884ef1796b006edd,2c933be0152511e8884ef1796b006edd ,0ba01060152611e8884ef1796b006edd ,0,1,<null>,stocktake_8,0,0,1360,3
9bda0510152511e8884ef1796b006edd,2c933be0152511e8884ef1796b006edd ,9bd98fe0152511e8884ef1796b006edd ,0,1,<null>,stocktake_8,0,0,16,2
982e3b20152511e8884ef1796b006edd,2c933be0152511e8884ef1796b006edd ,982d9ee0152511e8884ef1796b006edd ,0,1,<null>,stocktake_8,0,0,3000,1
6b806530152511e8884ef1796b006edd,2c933be0152511e8884ef1796b006edd ,6b7e9070152511e8884ef1796b006edd ,0,1,<null>,stocktake_8,0,0,15000,0
34e05310331011e8baf10984b52a6d1a,34daadc0331011e8baf10984b52a6d1a ,95D1DF8EDBA0764F9578C1BD733A6B97 ,8185,1,"2019-01-31 00:00:00 +0000",supplierinvoice_29,0,0,8185,0
34e4e6f0331011e8baf10984b52a6d1a,34daadc0331011e8baf10984b52a6d1a ,0028454CEAB518419D4A81776D607B50 ,7065,1,"2019-08-31 00:00:00 +0000",supplierinvoice_29,0,0,7065,1
34e97ad0331011e8baf10984b52a6d1a,34daadc0331011e8baf10984b52a6d1a ,351C6FCB0EFB4D448A479502A3F01EB6 ,14000,1,"2019-07-31 00:00:00 +0000",6777160702,0,0,14000,2
34ebebd0331011e8baf10984b52a6d1a,34daadc0331011e8baf10984b52a6d1a ,C731B9862031C948BB1B33B0BFE0CF5D ,283,1,"2020-09-30 00:00:00 +0000",ID74014,1.51,1.51,283,3
34eed200331011e8baf10984b52a6d1a,34daadc0331011e8baf10984b52a6d1a ,92de0c10e14811e7a5872fa61e46d180 ,1,1,"2018-10-31 00:00:00 +0000",supplierinvoice_1,0,0,1,4
34f058a0331011e8baf10984b52a6d1a,34daadc0331011e8baf10984b52a6d1a ,7F14BB1C53362640A2CE51A2B14F8CBA ,48,1,"2018-04-30 00:00:00 +0000",DYI1516167,0,0,48,5
34f2c9a0331011e8baf10984b52a6d1a,34daadc0331011e8baf10984b52a6d1a ,e8713e40e14811e7a5872fa61e46d180 ,133,1,"2018-09-30 00:00:00 +0000",supplierinvoice_1,0,0,133,6
34f51390331011e8baf10984b52a6d1a,34daadc0331011e8baf10984b52a6d1a ,037AC4DC4CF7974E9E9E9C041FFD57A0 ,3600,1,"2019-02-28 00:00:00 +0000",AAM17004,0,0,3600,7
35014890331011e8baf10984b52a6d1a,34daadc0331011e8baf10984b52a6d1a ,982d9ee0152511e8884ef1796b006edd ,1400,1,<null>,stocktake_8,0,0,1400,12
35042ec0331011e8baf10984b52a6d1a,34daadc0331011e8baf10984b52a6d1a ,79F6157E9DBC2544A48CB828707FFACE ,74,1,<null>,supplierinvoice_21,0,0,74,13
353bb980331011e8baf10984b52a6d1a,34daadc0331011e8baf10984b52a6d1a ,E1FDB26A5556EF4DA15AA4BEC610FD26 ,11,1,"2020-06-30 00:00:00 +0000",supplierinvoice_26,0,0,11,30
35073c00331011e8baf10984b52a6d1a,34daadc0331011e8baf10984b52a6d1a ,6a8fdc30e14711e7a5872fa61e46d180 ,33,1,<null>,supplierinvoice_1,0,0,33,14
3508e9b0331011e8baf10984b52a6d1a,34daadc0331011e8baf10984b52a6d1a ,4370f01007ff11e886b3f1f1b7745e45 ,2,1,"2018-11-30 00:00:00 +0000",supplierinvoice_19,0,0,2,15
35619100331011e8baf10984b52a6d1a,34daadc0331011e8baf10984b52a6d1a ,DF01F696A84E074B97C4973AA64E52B9 ,72,1,"2023-01-31 00:00:00 +0000",supplierinvoice_26,0,0,72,39
3546dd10331011e8baf10984b52a6d1a,34daadc0331011e8baf10984b52a6d1a ,C5B028ED2D78244AAB03CB7E39C5CFD1 ,654,1,"2020-07-31 00:00:00 +0000",supplierinvoice_23,0,0,654,33
35808ab0331011e8baf10984b52a6d1a,34daadc0331011e8baf10984b52a6d1a ,75b31e10e14711e7a5872fa61e46d180 ,18,1,"2018-08-31 00:00:00 +0000",supplierinvoice_1,0,0,18,46
35379ad0331011e8baf10984b52a6d1a,34daadc0331011e8baf10984b52a6d1a ,CA31CE5A2BA168449B59FFF293373964 ,500,1,"2022-03-31 00:00:00 +0000",76702302,0,0,500,29
350bcfe0331011e8baf10984b52a6d1a,34daadc0331011e8baf10984b52a6d1a ,CC5CF6F30F6F7445AEC4D0C3A9AE7EAA ,100,1,"2018-07-31 00:00:00 +0000",217415009,0,0,100,16
35125f90331011e8baf10984b52a6d1a,34daadc0331011e8baf10984b52a6d1a ,5BC42B9657FF8A48800083A6C5093E12 ,2700,1,"2020-03-31 00:00:00 +0000",CP7002,0,0,2700,18
350f0430331011e8baf10984b52a6d1a,34daadc0331011e8baf10984b52a6d1a ,8801BD7617CDFA47BED793E2B67F9560 ,2100,1,"2019-11-30 00:00:00 +0000",supplierinvoice_26,0,0,2100,17
35156cd0331011e8baf10984b52a6d1a,34daadc0331011e8baf10984b52a6d1a ,6A491FA34D00B24BBA71E9FDD1E4A2CC ,400,1,"2018-10-31 00:00:00 +0000",784151004,0,0,400,19
3518c830331011e8baf10984b52a6d1a,34daadc0331011e8baf10984b52a6d1a ,ad1aa1d0e14b11e7a5872fa61e46d180 ,207,1,<null>,supplierinvoice_1,0,0,207,20
351bfc80331011e8baf10984b52a6d1a,34daadc0331011e8baf10984b52a6d1a ,635BB9910E64234EA84CC3C8F9432CA6 ,117,1,"2020-01-31 00:00:00 +0000",7153B,0,0,117,21
351e9490331011e8baf10984b52a6d1a,34daadc0331011e8baf10984b52a6d1a ,3C602538F09C7741B60530255770BE41 ,750,1,"2020-01-31 00:00:00 +0000",7153B,0,0,750,22
3533a330331011e8baf10984b52a6d1a,34daadc0331011e8baf10984b52a6d1a ,63896e30e14a11e7a5872fa61e46d180 ,300,1,"2019-08-31 00:00:00 +0000",supplierinvoice_1,0,0,300,28
353f6300331011e8baf10984b52a6d1a,34daadc0331011e8baf10984b52a6d1a ,7531ffd0e14a11e7a5872fa61e46d180 ,81,1,"2018-11-30 00:00:00 +0000",supplierinvoice_1,0,0,81,31
3542be60331011e8baf10984b52a6d1a,34daadc0331011e8baf10984b52a6d1a ,84892760e14a11e7a5872fa61e46d180 ,500,1,"2019-07-31 00:00:00 +0000",supplierinvoice_1,0,0,500,32
35538740331011e8baf10984b52a6d1a,34daadc0331011e8baf10984b52a6d1a ,DA3B22328152D946AF07F3748C37D021 ,2500,1,"2020-03-31 00:00:00 +0000",DMTA0173001,0,0,2500,36
35586940331011e8baf10984b52a6d1a,34daadc0331011e8baf10984b52a6d1a ,F6ACA53A0DA2F24BBAECF93B090B35BC ,9700,1,"2020-08-31 00:00:00 +0000",PRA716,0,0,9700,37
355c87f0331011e8baf10984b52a6d1a,34daadc0331011e8baf10984b52a6d1a ,9B13C79D492A0C48BBF6E9C8854696C5 ,9100,1,"2020-08-31 00:00:00 +0000",PRA716,0,0,9100,38
3572a800331011e8baf10984b52a6d1a,34daadc0331011e8baf10984b52a6d1a ,7b16ad50e14b11e7a5872fa61e46d180 ,3,1,<null>,supplierinvoice_1,0,0,3,43
3577d820331011e8baf10984b52a6d1a,34daadc0331011e8baf10984b52a6d1a ,8ddb8460e14b11e7a5872fa61e46d180 ,3,1,<null>,supplierinvoice_1,0,0,3,44
357b5a90331011e8baf10984b52a6d1a,34daadc0331011e8baf10984b52a6d1a ,77979d8007ff11e886b3f1f1b7745e45 ,1,1,<null>,supplierinvoice_19,0,0,1,45
35228c30331011e8baf10984b52a6d1a,34daadc0331011e8baf10984b52a6d1a ,1e4e9500e14c11e7a5872fa61e46d180 ,4000,1,"2019-01-31 00:00:00 +0000",supplierinvoice_1,0,0,4000,23
352635b0331011e8baf10984b52a6d1a,34daadc0331011e8baf10984b52a6d1a ,2a2659d0e14c11e7a5872fa61e46d180 ,16200,1,"2022-01-31 00:00:00 +0000",supplierinvoice_1,0,0,16200,24
35287fa0331011e8baf10984b52a6d1a,34daadc0331011e8baf10984b52a6d1a ,467c8820e14c11e7a5872fa61e46d180 ,6500,1,"2022-04-30 00:00:00 +0000",supplierinvoice_1,0,0,6500,25
352c7740331011e8baf10984b52a6d1a,34daadc0331011e8baf10984b52a6d1a ,37694760e14c11e7a5872fa61e46d180 ,31000,1,"2021-09-30 00:00:00 +0000",supplierinvoice_1,0,0,31000,26
34f847e0331011e8baf10984b52a6d1a,34daadc0331011e8baf10984b52a6d1a ,1E5329379BE3FE47B528A49FD02E10D3 ,770,1,"2020-12-31 00:00:00 +0000"," 000",0,0,770,8
34fa91d0331011e8baf10984b52a6d1a,34daadc0331011e8baf10984b52a6d1a ,81CA73CF043EC24593B8E20764E46180 ,310,1,<null>,supplierinvoice_23,0,0,310,9
34fc3f80331011e8baf10984b52a6d1a,34daadc0331011e8baf10984b52a6d1a ,E9C0E2297F56564B841048230EC403E8 ,440,1,<null>,supplierinvoice_26,0,0,440,10
34fe3b50331011e8baf10984b52a6d1a,34daadc0331011e8baf10984b52a6d1a ,CD91135D1A5CB042A88996377641580F ,10,1,<null>,supplierinvoice_29,0,0,10,11
35856cb0331011e8baf10984b52a6d1a,34daadc0331011e8baf10984b52a6d1a ,effbe8b0e14b11e7a5872fa61e46d180 ,60,1,"2019-08-31 00:00:00 +0000",supplierinvoice_1,0,0,60,47
358b8730331011e8baf10984b52a6d1a,34daadc0331011e8baf10984b52a6d1a ,DFDEE473AB63224085555A72F769E4D8 ,565,1,"2021-01-31 00:00:00 +0000",supplierinvoice_24,0,0,565,48
35960e80331011e8baf10984b52a6d1a,34daadc0331011e8baf10984b52a6d1a ,0FB82A829578AC42B9681891A2E27772 ,300,1,"2022-09-30 00:00:00 +0000",73697,0,0,300,50
35910570331011e8baf10984b52a6d1a,34daadc0331011e8baf10984b52a6d1a ,EAC8C13514BFAF4D8E6A0F843EBCA6D6 ,43,1,<null>,supplierinvoice_26,0,0,43,49
354b9800331011e8baf10984b52a6d1a,34daadc0331011e8baf10984b52a6d1a ,2301e0b0e14811e7a5872fa61e46d180 ,6676,1,<null>,supplierinvoice_1,0,0,6676,34
354f4180331011e8baf10984b52a6d1a,34daadc0331011e8baf10984b52a6d1a ,ed01b850f74011e7a8580fb1f78de0a2 ,154,1,<null>,supplierinvoice_15,0,0,154,35
356624e0331011e8baf10984b52a6d1a,34daadc0331011e8baf10984b52a6d1a ,097af7a0e14b11e7a5872fa61e46d180 ,183,1,"2018-12-31 00:00:00 +0000",supplierinvoice_1,0,0,183,40
3569a750331011e8baf10984b52a6d1a,34daadc0331011e8baf10984b52a6d1a ,167829a0e14b11e7a5872fa61e46d180 ,1000,1,"2019-05-31 00:00:00 +0000",supplierinvoice_1,0,0,1000,41
356ded10331011e8baf10984b52a6d1a,34daadc0331011e8baf10984b52a6d1a ,C14E02F280986545B773A970840031B7 ,1000,1,"2019-09-30 00:00:00 +0000",667160901,0,0,1000,42
912a7800366011e88fbccdc0dc0120d2,91259600366011e88fbccdc0dc0120d2 ,7b16ad50e14b11e7a5872fa61e46d180 ,3,1,<null>,supplierinvoice_1,0,0,3,0
912bd790366011e88fbccdc0dc0120d2,91259600366011e88fbccdc0dc0120d2 ,d10452a0365d11e88fbccdc0dc0120d2 ,1,1,<null>,supplierinvoice_31,0,0,1,1
912e2180366011e88fbccdc0dc0120d2,91259600366011e88fbccdc0dc0120d2 ,8ddb8460e14b11e7a5872fa61e46d180 ,2,1,<null>,supplierinvoice_1,0,0,2,2
912f32f0366011e88fbccdc0dc0120d2,91259600366011e88fbccdc0dc0120d2 ,77979d8007ff11e886b3f1f1b7745e45 ,1,1,<null>,supplierinvoice_19,0,0,1,3
1422ed0051af11e8b9b66789e723d72c,13bb9fb051af11e8b9b66789e723d72c ,91C7AEAAD0073F4091EA305CA0496DD3 ,2000,1,"2019-11-30 00:00:00 +0000",MG16962,0.01,0,2000,37
140308f051af11e8b9b66789e723d72c,13bb9fb051af11e8b9b66789e723d72c ,3C602538F09C7741B60530255770BE41 ,345,1,"2020-01-31 00:00:00 +0000",7153B,0,0,345,28
13fcc76051af11e8b9b66789e723d72c,13bb9fb051af11e8b9b66789e723d72c ,6A491FA34D00B24BBA71E9FDD1E4A2CC ,400,1,"2018-10-31 00:00:00 +0000",784151004,0,0,400,26
13f65ec051af11e8b9b66789e723d72c,13bb9fb051af11e8b9b66789e723d72c ,125BF4F8DFDBEC41BB10D2EB4ACDD157 ,2700,1,"2019-12-31 00:00:00 +0000",supplierinvoice_33,0.01,0,2700,24
13ee969051af11e8b9b66789e723d72c,13bb9fb051af11e8b9b66789e723d72c ,CC5CF6F30F6F7445AEC4D0C3A9AE7EAA ,50,1,"2018-07-31 00:00:00 +0000",217415009,0,0,50,21
13df545051af11e8b9b66789e723d72c,13bb9fb051af11e8b9b66789e723d72c ,9CA2D5E2FA29274CA44E0EF9CEF6BB16 ,1800,1,<null>,supplierinvoice_36,0,0,1800,15
13dd7f9051af11e8b9b66789e723d72c,13bb9fb051af11e8b9b66789e723d72c ,982d9ee0152511e8884ef1796b006edd ,1000,1,<null>,stocktake_8,0,0,1000,14
13d3bb9051af11e8b9b66789e723d72c,13bb9fb051af11e8b9b66789e723d72c ,57A2AC471AB95F4B8DA9CF933B08053E ,80,1,"2020-05-31 00:00:00 +0000",HE17F02,0.11,0,80,10
13d14a9051af11e8b9b66789e723d72c,13bb9fb051af11e8b9b66789e723d72c ,037AC4DC4CF7974E9E9E9C041FFD57A0 ,3600,1,"2019-02-28 00:00:00 +0000",AAM17004,0,0,3600,9
144e42c051af11e8b9b66789e723d72c,13bb9fb051af11e8b9b66789e723d72c ,ed01b850f74011e7a8580fb1f78de0a2 ,154,1,<null>,supplierinvoice_15,0,0,0,47
13c870f051af11e8b9b66789e723d72c,13bb9fb051af11e8b9b66789e723d72c ,f835cba051ac11e8b9b66789e723d72c ,5,1,<null>,supplierinvoice_45,0,0,5,5
13c7116051af11e8b9b66789e723d72c,13bb9fb051af11e8b9b66789e723d72c ,C731B9862031C948BB1B33B0BFE0CF5D ,147,1,"2020-09-30 00:00:00 +0000",ID74014,1.51,1.51,147,4
13e6f57051af11e8b9b66789e723d72c,13bb9fb051af11e8b9b66789e723d72c ,CB8B692CC090274BA58E0202DDB3C915 ,86,1,<null>,supplierinvoice_33,0.1,0,86,18
13e4d29051af11e8b9b66789e723d72c,13bb9fb051af11e8b9b66789e723d72c ,79F6157E9DBC2544A48CB828707FFACE ,1,1,<null>,supplierinvoice_21,0,0,1,17
13dae78051af11e8b9b66789e723d72c,13bb9fb051af11e8b9b66789e723d72c ,212DBA6F10CD6342BEB60EEF39E70ABF ,17000,1,<null>,supplierinvoice_36,0,0,17000,13
13cc689051af11e8b9b66789e723d72c,13bb9fb051af11e8b9b66789e723d72c ,7F14BB1C53362640A2CE51A2B14F8CBA ,48,1,"2018-04-30 00:00:00 +0000",DYI1516167,0,0,48,7
13cae1f051af11e8b9b66789e723d72c,13bb9fb051af11e8b9b66789e723d72c ,92de0c10e14811e7a5872fa61e46d180 ,1,1,"2018-10-31 00:00:00 +0000",supplierinvoice_1,0,0,1,6
13d67ab051af11e8b9b66789e723d72c,13bb9fb051af11e8b9b66789e723d72c ,1E5329379BE3FE47B528A49FD02E10D3 ,770,1,"2020-12-31 00:00:00 +0000"," 000",0,0,770,11
1427a7f051af11e8b9b66789e723d72c,13bb9fb051af11e8b9b66789e723d72c ,D6892714DB8721428AA3AF4E06B53067 ,700,1,"2022-09-30 00:00:00 +0000",20170915,4,0,700,38
141ef56051af11e8b9b66789e723d72c,13bb9fb051af11e8b9b66789e723d72c ,451294b0e14811e7a5872fa61e46d180 ,10,1,"2019-11-30 00:00:00 +0000",supplierinvoice_1,0,0,10,36
14146e1051af11e8b9b66789e723d72c,13bb9fb051af11e8b9b66789e723d72c ,2a2659d0e14c11e7a5872fa61e46d180 ,13600,1,"2022-01-31 00:00:00 +0000",supplierinvoice_1,0,0,13600,33
14109d8051af11e8b9b66789e723d72c,13bb9fb051af11e8b9b66789e723d72c ,1e4e9500e14c11e7a5872fa61e46d180 ,3000,1,"2019-01-31 00:00:00 +0000",supplierinvoice_1,0,0,3000,32
141b24d051af11e8b9b66789e723d72c,13bb9fb051af11e8b9b66789e723d72c ,37694760e14c11e7a5872fa61e46d180 ,31000,1,"2021-09-30 00:00:00 +0000",supplierinvoice_1,0,0,31000,35
14177b5051af11e8b9b66789e723d72c,13bb9fb051af11e8b9b66789e723d72c ,467c8820e14c11e7a5872fa61e46d180 ,6500,1,"2022-04-30 00:00:00 +0000",supplierinvoice_1,0,0,6500,34
140d1b1051af11e8b9b66789e723d72c,13bb9fb051af11e8b9b66789e723d72c ,FCDDC10EBC9F4041A6509026C007F4B4 ,37300,1,"2020-07-31 00:00:00 +0000",672026,1,0,37300,31
1409bfb051af11e8b9b66789e723d72c,13bb9fb051af11e8b9b66789e723d72c ,CD41EC5F3948484B998A4DCE531D8A21 ,52900,1,"2020-11-30 00:00:00 +0000",S09,0,0,52900,30
1406163051af11e8b9b66789e723d72c,13bb9fb051af11e8b9b66789e723d72c ,4F9A4D158F275F4EA9D14C220D2330CA ,1734,1,"2020-04-30 00:00:00 +0000",53238A,38,0,1734,29
13fffbb051af11e8b9b66789e723d72c,13bb9fb051af11e8b9b66789e723d72c ,ad1aa1d0e14b11e7a5872fa61e46d180 ,154,1,<null>,supplierinvoice_1,0,0,154,27
13f9931051af11e8b9b66789e723d72c,13bb9fb051af11e8b9b66789e723d72c ,2CB89BD7A54BE04CB672419785206C1E ,60900,1,"2020-03-31 00:00:00 +0000",CP7002,0,0,60900,25
13f3edc051af11e8b9b66789e723d72c,13bb9fb051af11e8b9b66789e723d72c ,8801BD7617CDFA47BED793E2B67F9560 ,350,1,"2019-11-30 00:00:00 +0000",supplierinvoice_26,0,0,350,23
13f1079051af11e8b9b66789e723d72c,13bb9fb051af11e8b9b66789e723d72c ,66CF72BB7FBC7A4FA7DE6E861A48B820 ,100,1,"2020-02-29 00:00:00 +0000",7217004,0.1,0,100,22
13ebd77051af11e8b9b66789e723d72c,13bb9fb051af11e8b9b66789e723d72c ,4370f01007ff11e886b3f1f1b7745e45 ,2,1,"2018-11-30 00:00:00 +0000",supplierinvoice_19,0,0,2,20
13e9b49051af11e8b9b66789e723d72c,13bb9fb051af11e8b9b66789e723d72c ,6a8fdc30e14711e7a5872fa61e46d180 ,33,1,<null>,supplierinvoice_1,0,0,33,19
13e2137051af11e8b9b66789e723d72c,13bb9fb051af11e8b9b66789e723d72c ,91A9C4A48F1A8748A8AC56F0A55EAB36 ,126,1,"2019-06-30 00:00:00 +0000",16018B99,37,0,126,16
13cf00a051af11e8b9b66789e723d72c,13bb9fb051af11e8b9b66789e723d72c ,e8713e40e14811e7a5872fa61e46d180 ,128,1,"2018-09-30 00:00:00 +0000",supplierinvoice_1,0,0,128,8
13c4a06051af11e8b9b66789e723d72c,13bb9fb051af11e8b9b66789e723d72c ,28856C9C53BC94448C8E4D4DA2DBEC22 ,57000,1,"2019-07-31 00:00:00 +0000",6777160702,1,0,57000,3
13c22f6051af11e8b9b66789e723d72c,13bb9fb051af11e8b9b66789e723d72c ,9673ED77AF04634B94937FB204964E1C ,42309,1,"2019-08-31 00:00:00 +0000",supplierinvoice_36,0.01,0,42309,2
13bf975051af11e8b9b66789e723d72c,13bb9fb051af11e8b9b66789e723d72c ,3D5B816AB7EFF84CB7EA57CC5926C094 ,2000,1,"2019-01-31 00:00:00 +0000",supplierinvoice_36,0.02,0,2000,1
13bed40051af11e8b9b66789e723d72c,13bb9fb051af11e8b9b66789e723d72c ,95D1DF8EDBA0764F9578C1BD733A6B97 ,7050,1,"2019-01-31 00:00:00 +0000",supplierinvoice_29,0,0,7050,0
13d84f7051af11e8b9b66789e723d72c,13bb9fb051af11e8b9b66789e723d72c ,5155C1FBC3F71845943A4A27A5DDE6B4 ,1800,1,<null>,supplierinvoice_36,0.05,0,1800,12
142c62e051af11e8b9b66789e723d72c,13bb9fb051af11e8b9b66789e723d72c ,CA31CE5A2BA168449B59FFF293373964 ,205,1,"2022-03-31 00:00:00 +0000",76702302,0,0,205,39
142fe55051af11e8b9b66789e723d72c,13bb9fb051af11e8b9b66789e723d72c ,1F50E06D8009D242902FE7441518424A ,1500,1,"2022-10-31 00:00:00 +0000",supplierinvoice_35,0.38,0,1500,40
1434a04051af11e8b9b66789e723d72c,13bb9fb051af11e8b9b66789e723d72c ,1CD6D6C143B49C4AA2B883BD4321E0D8 ,254,1,"2020-06-30 00:00:00 +0000",supplierinvoice_36,0.48,0,254,41
1439d06051af11e8b9b66789e723d72c,13bb9fb051af11e8b9b66789e723d72c ,7531ffd0e14a11e7a5872fa61e46d180 ,81,1,"2018-11-30 00:00:00 +0000",supplierinvoice_1,0,0,81,42
143d79e051af11e8b9b66789e723d72c,13bb9fb051af11e8b9b66789e723d72c ,84892760e14a11e7a5872fa61e46d180 ,500,1,"2019-07-31 00:00:00 +0000",supplierinvoice_1,0,0,500,43
1441e6b051af11e8b9b66789e723d72c,13bb9fb051af11e8b9b66789e723d72c ,C5B028ED2D78244AAB03CB7E39C5CFD1 ,60,1,"2020-07-31 00:00:00 +0000",supplierinvoice_23,0,0,60,44
1445903051af11e8b9b66789e723d72c,13bb9fb051af11e8b9b66789e723d72c ,C3578AB6E1383A4680047F045E573AF7 ,3056,1,"2020-10-31 00:00:00 +0000",M270250,0.28,0,3056,45
144a241051af11e8b9b66789e723d72c,13bb9fb051af11e8b9b66789e723d72c ,2301e0b0e14811e7a5872fa61e46d180 ,6662,1,<null>,supplierinvoice_1,0,0,6662,46
145372e051af11e8b9b66789e723d72c,13bb9fb051af11e8b9b66789e723d72c ,DA3B22328152D946AF07F3748C37D021 ,1500,1,"2020-03-31 00:00:00 +0000",DMTA0173001,0,0,1500,48
1457437051af11e8b9b66789e723d72c,13bb9fb051af11e8b9b66789e723d72c ,C08E037FAF531146A91821949AECB879 ,3000,1,"2020-03-31 00:00:00 +0000",DMTA0173001,0,0,3000,49
145b3b1051af11e8b9b66789e723d72c,13bb9fb051af11e8b9b66789e723d72c ,7F54D56300E1C64DBCBD528ECA9D907E ,200,1,"2020-03-31 00:00:00 +0000",HE17D25,0.02,0,200,50
145fcef051af11e8b9b66789e723d72c,13bb9fb051af11e8b9b66789e723d72c ,34641E4F59CDCE468122BE968299A97F ,5600,1,"2021-03-31 00:00:00 +0000",NV7171,0.07000000000000001,0,5600,51
146489e051af11e8b9b66789e723d72c,13bb9fb051af11e8b9b66789e723d72c ,DF01F696A84E074B97C4973AA64E52B9 ,5,1,"2023-01-31 00:00:00 +0000",supplierinvoice_26,0,0,5,52
14696be051af11e8b9b66789e723d72c,13bb9fb051af11e8b9b66789e723d72c ,70C273684F283444A5BE3DB26F239334 ,308,1,"2020-03-31 00:00:00 +0000",LE610,0,0,308,53
146e26d051af11e8b9b66789e723d72c,13bb9fb051af11e8b9b66789e723d72c ,D7CEBF47A2D11840AEC0B3E2D16F5EB4 ,20,1,"2023-01-31 00:00:00 +0000",8592,1.4,0,20,54
147308d051af11e8b9b66789e723d72c,13bb9fb051af11e8b9b66789e723d72c ,F1D01FD85DBA654E90E22ADF0AC475BD ,50,1,"2018-05-31 00:00:00 +0000",55471,0.01,0,50,55
147811e051af11e8b9b66789e723d72c,13bb9fb051af11e8b9b66789e723d72c ,C14E02F280986545B773A970840031B7 ,1000,1,"2019-09-30 00:00:00 +0000",667160901,0,0,1000,56
147d902051af11e8b9b66789e723d72c,13bb9fb051af11e8b9b66789e723d72c ,8DCD33D443C7EA41A48C5DFDEF56A790 ,51,1,"2018-08-31 00:00:00 +0000",K340816,0,0,51,57
1482c04051af11e8b9b66789e723d72c,13bb9fb051af11e8b9b66789e723d72c ,290C3670D35652428772088D7AB326D5 ,899,1,"2018-10-31 00:00:00 +0000",421016F,0,0,899,58
1487f06051af11e8b9b66789e723d72c,13bb9fb051af11e8b9b66789e723d72c ,81523a904ebf11e89ebbdfd36278f8eb ,50,1,<null>,supplierinvoice_41,0,0,50,59
148d208051af11e8b9b66789e723d72c,13bb9fb051af11e8b9b66789e723d72c ,BF3D3DD1CD07B3479771C9E5117795C1 ,960,1,<null>,stocktake_13,0,0,960,60
1493d74051af11e8b9b66789e723d72c,13bb9fb051af11e8b9b66789e723d72c ,DD74EC3BEFBF7843BD26787E87F92B47 ,38,1,<null>,supplierinvoice_36,7.67,0,38,61
1499f1c051af11e8b9b66789e723d72c,13bb9fb051af11e8b9b66789e723d72c ,7b16ad50e14b11e7a5872fa61e46d180 ,3,1,<null>,supplierinvoice_1,0,0,3,62
149f21e051af11e8b9b66789e723d72c,13bb9fb051af11e8b9b66789e723d72c ,d10452a0365d11e88fbccdc0dc0120d2 ,1,1,<null>,supplierinvoice_31,0,0,1,63
14a53c6051af11e8b9b66789e723d72c,13bb9fb051af11e8b9b66789e723d72c ,8ddb8460e14b11e7a5872fa61e46d180 ,2,1,<null>,supplierinvoice_1,0,0,2,64
14a9f75051af11e8b9b66789e723d72c,13bb9fb051af11e8b9b66789e723d72c ,77979d8007ff11e886b3f1f1b7745e45 ,1,1,<null>,supplierinvoice_19,0,0,1,65
14afeac051af11e8b9b66789e723d72c,13bb9fb051af11e8b9b66789e723d72c ,75b31e10e14711e7a5872fa61e46d180 ,13,1,"2018-08-31 00:00:00 +0000",supplierinvoice_1,0,0,13,66
14b5de3051af11e8b9b66789e723d72c,13bb9fb051af11e8b9b66789e723d72c ,effbe8b0e14b11e7a5872fa61e46d180 ,60,1,"2019-08-31 00:00:00 +0000",supplierinvoice_1,0,0,60,67
14bbf8b051af11e8b9b66789e723d72c,13bb9fb051af11e8b9b66789e723d72c ,DFDEE473AB63224085555A72F769E4D8 ,245,1,"2021-01-31 00:00:00 +0000",supplierinvoice_24,0,0,245,68
14c0dab051af11e8b9b66789e723d72c,13bb9fb051af11e8b9b66789e723d72c ,209864051FA3164F92B0E869C78826FA ,2015,1,<null>,supplierinvoice_36,24,0,2015,69
14c87bd051af11e8b9b66789e723d72c,13bb9fb051af11e8b9b66789e723d72c ,DD5E941CEE14384283347D4B760BE9F8 ,378,1,"2020-11-30 00:00:00 +0000",supplierinvoice_36,2.08,2.08,378,70
14cfa7c051af11e8b9b66789e723d72c,13bb9fb051af11e8b9b66789e723d72c ,7D381099642CA94A89F6F7595B8C3014 ,2500,1,"2019-12-31 00:00:00 +0000",05DD043A,0.34,0,2500,71
14d6fac051af11e8b9b66789e723d72c,13bb9fb051af11e8b9b66789e723d72c ,B8B1D3131E768745BF6E53BA5C20F45C ,350,1,"2019-05-31 00:00:00 +0000",05DDC011A,0.34,0,350,72
14de4dc051af11e8b9b66789e723d72c,13bb9fb051af11e8b9b66789e723d72c ,26C278CC75529C43814CF4568E296C79 ,2990,1,"2020-05-31 00:00:00 +0000",20170612,0.06,0,2990,73
14e5048051af11e8b9b66789e723d72c,13bb9fb051af11e8b9b66789e723d72c ,bade486051aa11e8b9b66789e723d72c ,20,1,<null>,supplierinvoice_44,0,0,20,74
14ecf3c051af11e8b9b66789e723d72c,13bb9fb051af11e8b9b66789e723d72c ,03C50CB3E27D25469B299C38FB3D3AF8 ,178,1,<null>,supplierinvoice_36,125,0,178,75
14f446c051af11e8b9b66789e723d72c,13bb9fb051af11e8b9b66789e723d72c ,0FB82A829578AC42B9681891A2E27772 ,100,1,"2022-09-30 00:00:00 +0000",73697,0,0,100,76
14f99df051af11e8b9b66789e723d72c,13bb9fb051af11e8b9b66789e723d72c ,6DC8671DCB47BE428435E279439B248C ,7200,1,"2021-01-31 00:00:00 +0000",DZW1801,0.02,0,7200,77
9dc24020658111e8b622dd5ee426118d,9dbd3710658111e8b622dd5ee426118d ,3D5B816AB7EFF84CB7EA57CC5926C094 ,2000,1,"2019-01-31 00:00:00 +0000",supplierinvoice_36,0.02,0,0,1
9dc32a80658111e8b622dd5ee426118d,9dbd3710658111e8b622dd5ee426118d ,2CFAC947CABD5447BC025ABB707751D7 ,1500,1,"2020-11-30 00:00:00 +0000",QK6663,0.02,0,0,2
9dc46300658111e8b622dd5ee426118d,9dbd3710658111e8b622dd5ee426118d ,7C0815F33D933240AFE8DCF5BBA659AD ,1500,1,"2020-11-30 00:00:00 +0000",QK6663,0.02,0,0,3
9dfcd820658111e8b622dd5ee426118d,9dbd3710658111e8b622dd5ee426118d ,857AF6BF0F43724CAF091C23E9D72676 ,200,1,<null>,supplierinvoice_54,0.04,0.04,0,25
9e3462e0658111e8b622dd5ee426118d,9dbd3710658111e8b622dd5ee426118d ,6CAFEF297F9DFA468AB04FEE19D40DE2 ,250,1,"2022-10-31 00:00:00 +0000",7J702225,0.38,0,0,40
9e37e550658111e8b622dd5ee426118d,9dbd3710658111e8b622dd5ee426118d ,4034109B18EF334F92A78B609BFEFBC4 ,250,1,"2022-10-31 00:00:00 +0000",7J702225,0.38,0,0,41
9e40bef0658111e8b622dd5ee426118d,9dbd3710658111e8b622dd5ee426118d ,32CE508DB5343E4A8746E873FCA17171 ,30,1,"2020-06-30 00:00:00 +0000",247,0.48,0,0,43
9e44b690658111e8b622dd5ee426118d,9dbd3710658111e8b622dd5ee426118d ,6F8FC1F91376454EAF7BA98CC090F0B1 ,30,1,"2020-06-30 00:00:00 +0000",247,0.48,0,0,44
9f00daa0658111e8b622dd5ee426118d,9dbd3710658111e8b622dd5ee426118d ,09C03D427EFE9E46A163E60B5464E748 ,2500,1,"2021-02-28 00:00:00 +0000",DZW1806,0.02,0,0,82
9dc107a0658111e8b622dd5ee426118d,9dbd3710658111e8b622dd5ee426118d ,95D1DF8EDBA0764F9578C1BD733A6B97 ,2850,1,"2019-01-31 00:00:00 +0000",supplierinvoice_29,0,0,1350,0
9dc6acf0658111e8b622dd5ee426118d,9dbd3710658111e8b622dd5ee426118d ,61860ABA0FD42248966E5FCF04C681FA ,7560,1,"2019-09-30 00:00:00 +0000",3856093,0.01,0,0,4
9dc91df0658111e8b622dd5ee426118d,9dbd3710658111e8b622dd5ee426118d ,0E28B7497DDE184F97365EB9F1456428 ,10700,1,"2020-05-31 00:00:00 +0000",173132161,0.01,0,10700,5
9dcb40d0658111e8b622dd5ee426118d,9dbd3710658111e8b622dd5ee426118d ,C731B9862031C948BB1B33B0BFE0CF5D ,66,1,"2020-09-30 00:00:00 +0000",ID74014,1.51,1.51,66,6
9dcdd8e0658111e8b622dd5ee426118d,9dbd3710658111e8b622dd5ee426118d ,037AC4DC4CF7974E9E9E9C041FFD57A0 ,3600,1,"2019-02-28 00:00:00 +0000",AAM17004,0,0,3600,7
9dd049e0658111e8b622dd5ee426118d,9dbd3710658111e8b622dd5ee426118d ,57A2AC471AB95F4B8DA9CF933B08053E ,80,1,"2020-05-31 00:00:00 +0000",HE17F02,0.11,0,80,8
9dd5ef30658111e8b622dd5ee426118d,9dbd3710658111e8b622dd5ee426118d ,212DBA6F10CD6342BEB60EEF39E70ABF ,2400,1,<null>,supplierinvoice_36,0,0,2400,10
9dd7c3f0658111e8b622dd5ee426118d,9dbd3710658111e8b622dd5ee426118d ,98F2E5197187A049B52749251A48FECF ,5000,1,<null>,supplierinvoice_55,0,0,5000,11
9ddaaa20658111e8b622dd5ee426118d,9dbd3710658111e8b622dd5ee426118d ,982d9ee0152511e8884ef1796b006edd ,1000,1,<null>,stocktake_8,0,0,1000,12
9ddc7ee0658111e8b622dd5ee426118d,9dbd3710658111e8b622dd5ee426118d ,9CA2D5E2FA29274CA44E0EF9CEF6BB16 ,1800,1,<null>,supplierinvoice_36,0,0,1800,13
9ddf8c20658111e8b622dd5ee426118d,9dbd3710658111e8b622dd5ee426118d ,91A9C4A48F1A8748A8AC56F0A55EAB36 ,112,1,"2019-06-30 00:00:00 +0000",16018B99,37,0,112,14
9de24b40658111e8b622dd5ee426118d,9dbd3710658111e8b622dd5ee426118d ,CB8B692CC090274BA58E0202DDB3C915 ,4,1,<null>,supplierinvoice_33,0.1,0,4,15
9de42000658111e8b622dd5ee426118d,9dbd3710658111e8b622dd5ee426118d ,8B5890F35F865D44A2D1A2CF1AEBF438 ,60,1,<null>,supplierinvoice_47,0.1,0,60,16
9dd30900658111e8b622dd5ee426118d,9dbd3710658111e8b622dd5ee426118d ,1E5329379BE3FE47B528A49FD02E10D3 ,110,1,"2020-12-31 00:00:00 +0000"," 000",0,0,110,9
9de72d40658111e8b622dd5ee426118d,9dbd3710658111e8b622dd5ee426118d ,6a8fdc30e14711e7a5872fa61e46d180 ,3,1,<null>,supplierinvoice_1,0,0,3,17
9de92910658111e8b622dd5ee426118d,9dbd3710658111e8b622dd5ee426118d ,4370f01007ff11e886b3f1f1b7745e45 ,2,1,"2018-11-30 00:00:00 +0000",supplierinvoice_19,0,0,2,18
9dec0f40658111e8b622dd5ee426118d,9dbd3710658111e8b622dd5ee426118d ,74F86FBBAA5D774F8F9C89818F4D5478 ,1650,1,"2019-12-31 00:00:00 +0000",supplierinvoice_47,0.01,0,1650,19
9deef570658111e8b622dd5ee426118d,9dbd3710658111e8b622dd5ee426118d ,2CB89BD7A54BE04CB672419785206C1E ,11200,1,"2020-03-31 00:00:00 +0000",CP7002,0,0,11200,20
9df11850658111e8b622dd5ee426118d,9dbd3710658111e8b622dd5ee426118d ,A4C642F138853D4FA4AF7C6831918141 ,5000,1,"2020-03-31 00:00:00 +0000",CP7002,0,0,5000,21
9df473b0658111e8b622dd5ee426118d,9dbd3710658111e8b622dd5ee426118d ,6A491FA34D00B24BBA71E9FDD1E4A2CC ,400,1,"2018-10-31 00:00:00 +0000",784151004,0,0,400,22
9df81d30658111e8b622dd5ee426118d,9dbd3710658111e8b622dd5ee426118d ,10A6D0AF98794A459344C4D6056D0D5D ,150,1,<null>,supplierinvoice_51,0.04,0.04,0,23
9dfa8e30658111e8b622dd5ee426118d,9dbd3710658111e8b622dd5ee426118d ,3F65DF903F7A4544832F8631101CBA91 ,50,1,<null>,supplierinvoice_51,0.04,0.04,0,24
9dffe560658111e8b622dd5ee426118d,9dbd3710658111e8b622dd5ee426118d ,ad1aa1d0e14b11e7a5872fa61e46d180 ,95,1,<null>,supplierinvoice_1,0,0,95,26
9e025660658111e8b622dd5ee426118d,9dbd3710658111e8b622dd5ee426118d ,91D49AE93726A64AB570CE014E2950A8 ,25,1,"2020-10-31 00:00:00 +0000",supplierinvoice_47,2.33,0,25,27
9e058ab0658111e8b622dd5ee426118d,9dbd3710658111e8b622dd5ee426118d ,4F9A4D158F275F4EA9D14C220D2330CA ,1118,1,"2020-04-30 00:00:00 +0000",53238A,38,0,1118,28
9e07fbb0658111e8b622dd5ee426118d,9dbd3710658111e8b622dd5ee426118d ,1898B4640D07BE42A47D40396E3E0FC3 ,400,1,"2020-11-30 00:00:00 +0000",supplierinvoice_52,0.38,0,400,29
9e0bf350658111e8b622dd5ee426118d,9dbd3710658111e8b622dd5ee426118d ,CD41EC5F3948484B998A4DCE531D8A21 ,3800,1,"2020-11-30 00:00:00 +0000",S09,0,0,3800,30
9e0f9cd0658111e8b622dd5ee426118d,9dbd3710658111e8b622dd5ee426118d ,3FE39558A78D6547B0887D4860A3268D ,2500,1,"2020-07-31 00:00:00 +0000",672026,1,0,2500,31
9e134650658111e8b622dd5ee426118d,9dbd3710658111e8b622dd5ee426118d ,1e4e9500e14c11e7a5872fa61e46d180 ,1500,1,"2019-01-31 00:00:00 +0000",supplierinvoice_1,0,0,1500,32
9e1716e0658111e8b622dd5ee426118d,9dbd3710658111e8b622dd5ee426118d ,2a2659d0e14c11e7a5872fa61e46d180 ,9600,1,"2022-01-31 00:00:00 +0000",supplierinvoice_1,0,0,9600,33
9e1a7240658111e8b622dd5ee426118d,9dbd3710658111e8b622dd5ee426118d ,467c8820e14c11e7a5872fa61e46d180 ,6500,1,"2022-04-30 00:00:00 +0000",supplierinvoice_1,0,0,6500,34
9e1f7b50658111e8b622dd5ee426118d,9dbd3710658111e8b622dd5ee426118d ,37694760e14c11e7a5872fa61e46d180 ,31000,1,"2021-09-30 00:00:00 +0000",supplierinvoice_1,0,0,31000,35
9e243640658111e8b622dd5ee426118d,9dbd3710658111e8b622dd5ee426118d ,451294b0e14811e7a5872fa61e46d180 ,10,1,"2019-11-30 00:00:00 +0000",supplierinvoice_1,0,0,10,36
9e2854f0658111e8b622dd5ee426118d,9dbd3710658111e8b622dd5ee426118d ,91C7AEAAD0073F4091EA305CA0496DD3 ,1500,1,"2019-11-30 00:00:00 +0000",MG16962,0.01,0,1500,37
9e2d0fe0658111e8b622dd5ee426118d,9dbd3710658111e8b622dd5ee426118d ,D6892714DB8721428AA3AF4E06B53067 ,700,1,"2022-09-30 00:00:00 +0000",20170915,4,0,700,38
9e310780658111e8b622dd5ee426118d,9dbd3710658111e8b622dd5ee426118d ,1F50E06D8009D242902FE7441518424A ,570,1,"2022-10-31 00:00:00 +0000",supplierinvoice_35,0.38,0,320,39
9e3cc750658111e8b622dd5ee426118d,9dbd3710658111e8b622dd5ee426118d ,1CD6D6C143B49C4AA2B883BD4321E0D8 ,117,1,"2020-06-30 00:00:00 +0000",supplierinvoice_36,0.48,0,87,42
9e494a70658111e8b622dd5ee426118d,9dbd3710658111e8b622dd5ee426118d ,84892760e14a11e7a5872fa61e46d180 ,100,1,"2019-07-31 00:00:00 +0000",supplierinvoice_1,0,0,100,45
9e4dde50658111e8b622dd5ee426118d,9dbd3710658111e8b622dd5ee426118d ,C3578AB6E1383A4680047F045E573AF7 ,2300,1,"2020-10-31 00:00:00 +0000",M270250,0.28,0,2300,46
9e524b20658111e8b622dd5ee426118d,9dbd3710658111e8b622dd5ee426118d ,2301e0b0e14811e7a5872fa61e46d180 ,6662,1,<null>,supplierinvoice_1,0,0,6662,47
9e55a680658111e8b622dd5ee426118d,9dbd3710658111e8b622dd5ee426118d ,ed01b850f74011e7a8580fb1f78de0a2 ,154,1,<null>,supplierinvoice_15,0,0,154,48
9e5a1350658111e8b622dd5ee426118d,9dbd3710658111e8b622dd5ee426118d ,C08E037FAF531146A91821949AECB879 ,3000,1,"2020-03-31 00:00:00 +0000",DMTA0173001,0,0,3000,49
9e5de3e0658111e8b622dd5ee426118d,9dbd3710658111e8b622dd5ee426118d ,7F54D56300E1C64DBCBD528ECA9D907E ,100,1,"2020-03-31 00:00:00 +0000",HE17D25,0.02,0,100,50
9e62c5e0658111e8b622dd5ee426118d,9dbd3710658111e8b622dd5ee426118d ,175B38B4274DEB44A70C112064AA6922 ,500,1,"2021-03-31 00:00:00 +0000",NV7171,0.07000000000000001,0,500,51
9e67a7e0658111e8b622dd5ee426118d,9dbd3710658111e8b622dd5ee426118d ,217D3270B0A27F4E84D3951C3F4BB00D ,12000,1,"2019-09-30 00:00:00 +0000",1160903,0.01,0,12000,52
9e6beda0658111e8b622dd5ee426118d,9dbd3710658111e8b622dd5ee426118d ,A0625D29138A0B49BE7EBE2D7E79EF86 ,25000,1,"2019-09-30 00:00:00 +0000",1160903,0.01,0,25000,53
9e70cfa0658111e8b622dd5ee426118d,9dbd3710658111e8b622dd5ee426118d ,4DFB9CDDE6D162499DEDBB84EABCF68A ,30,1,"2021-05-31 00:00:00 +0000",supplierinvoice_54,0,0,0,54
9e75d8b0658111e8b622dd5ee426118d,9dbd3710658111e8b622dd5ee426118d ,70C273684F283444A5BE3DB26F239334 ,178,1,"2020-03-31 00:00:00 +0000",LE610,0,0,178,55
9e7a1e70658111e8b622dd5ee426118d,9dbd3710658111e8b622dd5ee426118d ,616A176CCCF64841800EBBB2E1FB1FE7 ,500,1,"2021-03-31 00:00:00 +0000",supplierinvoice_55,0,0,500,56
9e7fead0658111e8b622dd5ee426118d,9dbd3710658111e8b622dd5ee426118d ,8CF78D75C4A95D4B979B49F076D7F5E0 ,4600,1,"2019-11-30 00:00:00 +0000",74560,0.01,0,4600,57
9e862c60658111e8b622dd5ee426118d,9dbd3710658111e8b622dd5ee426118d ,C14E02F280986545B773A970840031B7 ,1000,1,"2019-09-30 00:00:00 +0000",667160901,0,0,1000,58
91ef55f0658411e8b622dd5ee426118d,9dbd3710658111e8b622dd5ee426118d ,8DCD33D443C7EA41A48C5DFDEF56A790 ,51,1,"2018-08-31 00:00:00 +0000",K340816,0,0,51,79
91f5e5a0658411e8b622dd5ee426118d,9dbd3710658111e8b622dd5ee426118d ,290C3670D35652428772088D7AB326D5 ,899,1,"2018-10-31 00:00:00 +0000",421016F,0,0,899,80
91fc0020658411e8b622dd5ee426118d,9dbd3710658111e8b622dd5ee426118d ,BF3D3DD1CD07B3479771C9E5117795C1 ,176,1,<null>,stocktake_13,0,0,176,81
9e9dac00658111e8b622dd5ee426118d,9dbd3710658111e8b622dd5ee426118d ,DD74EC3BEFBF7843BD26787E87F92B47 ,10,1,<null>,supplierinvoice_36,7.67,0,10,63
9ea266f0658111e8b622dd5ee426118d,9dbd3710658111e8b622dd5ee426118d ,2CEFC366FEFB734A9D0E351B2C95B91E ,25,1,<null>,supplierinvoice_55,7.67,0,25,64
9ea85a60658111e8b622dd5ee426118d,9dbd3710658111e8b622dd5ee426118d ,7b16ad50e14b11e7a5872fa61e46d180 ,3,1,<null>,supplierinvoice_1,0,0,3,65
9eacc730658111e8b622dd5ee426118d,9dbd3710658111e8b622dd5ee426118d ,d10452a0365d11e88fbccdc0dc0120d2 ,1,1,<null>,supplierinvoice_31,0,0,1,66
9eb21e60658111e8b622dd5ee426118d,9dbd3710658111e8b622dd5ee426118d ,8ddb8460e14b11e7a5872fa61e46d180 ,2,1,<null>,supplierinvoice_1,0,0,2,67
9eb68b30658111e8b622dd5ee426118d,9dbd3710658111e8b622dd5ee426118d ,77979d8007ff11e886b3f1f1b7745e45 ,1,1,<null>,supplierinvoice_19,0,0,1,68
9ebc0970658111e8b622dd5ee426118d,9dbd3710658111e8b622dd5ee426118d ,75b31e10e14711e7a5872fa61e46d180 ,13,1,"2018-08-31 00:00:00 +0000",supplierinvoice_1,0,0,13,69
9ec187b0658111e8b622dd5ee426118d,9dbd3710658111e8b622dd5ee426118d ,DFDEE473AB63224085555A72F769E4D8 ,245,1,"2021-01-31 00:00:00 +0000",supplierinvoice_24,0,0,245,70
9ec669b0658111e8b622dd5ee426118d,9dbd3710658111e8b622dd5ee426118d ,209864051FA3164F92B0E869C78826FA ,875,1,<null>,supplierinvoice_36,24,0,875,71
9ecafd90658111e8b622dd5ee426118d,9dbd3710658111e8b622dd5ee426118d ,3CA5D64918759D4785F08C6DAFB799D3 ,250,1,"2021-02-28 00:00:00 +0000",supplierinvoice_52,24,0,250,72
9ed0c9f0658111e8b622dd5ee426118d,9dbd3710658111e8b622dd5ee426118d ,52AB40225386C44D9C8A7C63F53FDCB4 ,5,1,"2020-11-30 00:00:00 +0000",supplierinvoice_52,2.08,2.08,5,73
9ed7a7c0658111e8b622dd5ee426118d,9dbd3710658111e8b622dd5ee426118d ,98AB517DF18003409034BDE079127560 ,4400,1,"2020-03-31 00:00:00 +0000",05DDD00(7A-8A),0.34,0,4400,74
9edde950658111e8b622dd5ee426118d,9dbd3710658111e8b622dd5ee426118d ,26C278CC75529C43814CF4568E296C79 ,1230,1,"2020-05-31 00:00:00 +0000",20170612,0.06,0,1230,75
9ee2cb50658111e8b622dd5ee426118d,9dbd3710658111e8b622dd5ee426118d ,6FFD7C8F46E9C04F85BF40D8609D62F2 ,800,1,"2020-10-31 00:00:00 +0000",supplierinvoice_52,0.06,0,800,76
9ee90ce0658111e8b622dd5ee426118d,9dbd3710658111e8b622dd5ee426118d ,03C50CB3E27D25469B299C38FB3D3AF8 ,81,1,<null>,supplierinvoice_36,125,0,81,77
9eedeee0658111e8b622dd5ee426118d,9dbd3710658111e8b622dd5ee426118d ,1025B14BE3BA0540B82656DC41EC1570 ,50,1,<null>,supplierinvoice_52,125,0,50,78
9ef36d20658111e8b622dd5ee426118d,9dbd3710658111e8b622dd5ee426118d ,0FB82A829578AC42B9681891A2E27772 ,100,1,"2022-09-30 00:00:00 +0000",73697,0,0,100,79
9ef82810658111e8b622dd5ee426118d,9dbd3710658111e8b622dd5ee426118d ,6DC8671DCB47BE428435E279439B248C ,1730,1,"2021-01-31 00:00:00 +0000",DZW1801,0.02,0,0,80
9efc6dd0658111e8b622dd5ee426118d,9dbd3710658111e8b622dd5ee426118d ,18B1B8AC97AFDB4D8C1B86CBEF885C29 ,2500,1,"2021-02-28 00:00:00 +0000",DZW1806,0.02,0,1730,81
d5f8cbc0dcba11e8b3be8554970e016f,d5cefca0dcba11e8b3be8554970e016f ,b8d89850a1c211e8bee3470b63db81b0 ,5,1,"2021-02-28 00:00:00 +0000",supplierinvoice_79,0,0,0,12
d5ef7cf0dcba11e8b3be8554970e016f,d5cefca0dcba11e8b3be8554970e016f ,4034109B18EF334F92A78B609BFEFBC4 ,230,1,"2022-10-31 00:00:00 +0000",7J702225,0.38,0,0,7
d5f4fb30dcba11e8b3be8554970e016f,d5cefca0dcba11e8b3be8554970e016f ,7d00e1d0a1c111e8bee3470b63db81b0 ,7,1,"2021-10-31 00:00:00 +0000",supplierinvoice_78,0,0,0,10
d5f6cff0dcba11e8b3be8554970e016f,d5cefca0dcba11e8b3be8554970e016f ,95759030a1c111e8bee3470b63db81b0 ,7,1,"2022-03-31 00:00:00 +0000",supplierinvoice_78,0,0,0,11
2c13be20acf011e8bb9a9d9b746c4641,2b3237c0acf011e8bb9a9d9b746c4641 ,03E4829C5F22004CACCE83369CBC2850 ,120,1,<null>,supplierinvoice_80,0.05,0,120,64
2b71b1c0acf011e8bb9a9d9b746c4641,2b3237c0acf011e8bb9a9d9b746c4641 ,32795E8E4C783949807520261D455509 ,30,1,"2019-06-30 00:00:00 +0000",4542G5,0.1,0,30,23
2c00ab50acf011e8bb9a9d9b746c4641,2b3237c0acf011e8bb9a9d9b746c4641 ,ad1aa1d0e14b11e7a5872fa61e46d180 ,34,1,<null>,supplierinvoice_1,0,0,34,60
2b54daf0acf011e8bb9a9d9b746c4641,2b3237c0acf011e8bb9a9d9b746c4641 ,044E3576D1A65C4D995C5CF03738B8C8 ,40,1,"2020-08-31 00:00:00 +0000",17IA120,0.08,0.08,40,11
2c6efd80acf011e8bb9a9d9b746c4641,2b3237c0acf011e8bb9a9d9b746c4641 ,37694760e14c11e7a5872fa61e46d180 ,31000,1,"2021-09-30 00:00:00 +0000",supplierinvoice_1,0,0,31000,83
93d2d400acf611e8bb9a9d9b746c4641,2b3237c0acf011e8bb9a9d9b746c4641 ,2C3067D6097D7D429F27C83642EAD1A0 ,1300,1,"2020-09-30 00:00:00 +0000",MG17847,0.01,0,1300,84
3c964cb0acf811e8bb9a9d9b746c4641,2b3237c0acf011e8bb9a9d9b746c4641 ,6F4D269D482B2D4F8E0B74737B8BA7C2 ,172,1,"2020-06-30 00:00:00 +0000",247,0.48,0,172,84
2bc1cd90acf011e8bb9a9d9b746c4641,2b3237c0acf011e8bb9a9d9b746c4641 ,9F4A53F88FC7CA49A15916FE2F7DE896 ,850,1,"2021-05-31 00:00:00 +0000",675,0,0,850,45
2bf70e60acf011e8bb9a9d9b746c4641,2b3237c0acf011e8bb9a9d9b746c4641 ,77979d8007ff11e886b3f1f1b7745e45 ,1,1,<null>,supplierinvoice_19,0,0,1,58
2bfb7b30acf011e8bb9a9d9b746c4641,2b3237c0acf011e8bb9a9d9b746c4641 ,9A570DEF154DEF4ABA63472BBCD14C61 ,2,1,<null>,supplierinvoice_80,15,0,2,59
2b3c49e0acf011e8bb9a9d9b746c4641,2b3237c0acf011e8bb9a9d9b746c4641 ,6FFD7C8F46E9C04F85BF40D8609D62F2 ,800,1,"2020-10-31 00:00:00 +0000",supplierinvoice_52,0.06,0,800,2
2c4e0800acf011e8bb9a9d9b746c4641,2b3237c0acf011e8bb9a9d9b746c4641 ,1025B14BE3BA0540B82656DC41EC1570 ,50,1,<null>,supplierinvoice_52,125,0,50,76
2b4634f0acf011e8bb9a9d9b746c4641,2b3237c0acf011e8bb9a9d9b746c4641 ,d30de7106dfc11e88503534efd32787c ,10,1,<null>,supplierinvoice_61,0,0,10,6
2b8c3ea0acf011e8bb9a9d9b746c4641,2b3237c0acf011e8bb9a9d9b746c4641 ,FE35C1132B3DC342B1CCBE46F916DF5C ,1000,1,"2019-02-28 00:00:00 +0000",AAM17004,0.01,0,1000,33
2b89a690acf011e8bb9a9d9b746c4641,2b3237c0acf011e8bb9a9d9b746c4641 ,037AC4DC4CF7974E9E9E9C041FFD57A0 ,2700,1,"2019-02-28 00:00:00 +0000",AAM17004,0,0,2700,32
2b66dc50acf011e8bb9a9d9b746c4641,2b3237c0acf011e8bb9a9d9b746c4641 ,c629ddc0a1c211e8bee3470b63db81b0 ,12,1,"2021-10-31 00:00:00 +0000",supplierinvoice_79,0,0,0,19
2bd02570acf011e8bb9a9d9b746c4641,2b3237c0acf011e8bb9a9d9b746c4641 ,6B16000631EF3F4B9F4C390B5E818F6A ,5250,1,"2021-02-28 00:00:00 +0000",supplierinvoice_69,0.02,0,5250,49
2c524dc0acf011e8bb9a9d9b746c4641,2b3237c0acf011e8bb9a9d9b746c4641 ,4044FB575F385949AF0FE3873D4146EB ,10,1,<null>,supplierinvoice_57,125,0,10,77
2c49c240acf011e8bb9a9d9b746c4641,2b3237c0acf011e8bb9a9d9b746c4641 ,03C50CB3E27D25469B299C38FB3D3AF8 ,39,1,<null>,supplierinvoice_36,125,0,39,75
2b3df790acf011e8bb9a9d9b746c4641,2b3237c0acf011e8bb9a9d9b746c4641 ,7B25DBC92F3A6C43BC534103D730DF44 ,1640,1,"2020-09-30 00:00:00 +0000",20171009,0.06,0.06,1640,3
2b393ca0acf011e8bb9a9d9b746c4641,2b3237c0acf011e8bb9a9d9b746c4641 ,E690210050EA1A4A81B7633F9FED5C99 ,2000,1,"2020-05-31 00:00:00 +0000",05DDD023A,0.34,0,2000,1
2b3719c0acf011e8bb9a9d9b746c4641,2b3237c0acf011e8bb9a9d9b746c4641 ,6D67908A18C15B429B023A2C5FCBD575 ,3375,1,"2020-05-31 00:00:00 +0000",05DDD023A,0.34,0,3375,0
2c21eef0acf011e8bb9a9d9b746c4641,2b3237c0acf011e8bb9a9d9b746c4641 ,25E23DAA4829BA438D9EC11A5FEB2D36 ,399,1,"2020-11-30 00:00:00 +0000",supplierinvoice_69,2.08,2.08,399,67
2c1d5b10acf011e8bb9a9d9b746c4641,2b3237c0acf011e8bb9a9d9b746c4641 ,F5C1DB587B135A4BB27F5760A731FE70 ,453,1,"2023-01-31 00:00:00 +0000",supplierinvoice_58,2.08,2.08,453,66
2c31cd70acf011e8bb9a9d9b746c4641,2b3237c0acf011e8bb9a9d9b746c4641 ,d5c15f20a1c111e8bee3470b63db81b0 ,2,1,"2020-05-31 00:00:00 +0000",supplierinvoice_78,0,0,172,70
2bf22c60acf011e8bb9a9d9b746c4641,2b3237c0acf011e8bb9a9d9b746c4641 ,6a0045a0955d11e899f23b1bff7f35c1 ,1,1,<null>,supplierinvoice_75,0,0,1,57
2bee0db0acf011e8bb9a9d9b746c4641,2b3237c0acf011e8bb9a9d9b746c4641 ,d10452a0365d11e88fbccdc0dc0120d2 ,1,1,<null>,supplierinvoice_31,0,0,1,56
2bea3d20acf011e8bb9a9d9b746c4641,2b3237c0acf011e8bb9a9d9b746c4641 ,7b16ad50e14b11e7a5872fa61e46d180 ,2,1,<null>,supplierinvoice_1,0,0,2,55
2bdc5a70acf011e8bb9a9d9b746c4641,2b3237c0acf011e8bb9a9d9b746c4641 ,6CA463D1BD225E4AB696BDED05E0CF88 ,5,1,<null>,supplierinvoice_72,7.67,0,5,52
2be5a940acf011e8bb9a9d9b746c4641,2b3237c0acf011e8bb9a9d9b746c4641 ,9D2023BC9A3695449196A09B267999D0 ,3,1,<null>,supplierinvoice_80,30,0,3,54
2bd8b0f0acf011e8bb9a9d9b746c4641,2b3237c0acf011e8bb9a9d9b746c4641 ,2CEFC366FEFB734A9D0E351B2C95B91E ,24,1,<null>,supplierinvoice_55,7.67,0,24,51
2c73df80acf011e8bb9a9d9b746c4641,2b3237c0acf011e8bb9a9d9b746c4641 ,E50A191510B3C74E928B61D0D76C7FF7 ,3216,1,"2019-11-30 00:00:00 +0000",471117C,0.35,0,3216,84
2b4bb330acf011e8bb9a9d9b746c4641,2b3237c0acf011e8bb9a9d9b746c4641 ,616A176CCCF64841800EBBB2E1FB1FE7 ,322,1,"2021-03-31 00:00:00 +0000",supplierinvoice_55,0,0,322,8
2b48cd00acf011e8bb9a9d9b746c4641,2b3237c0acf011e8bb9a9d9b746c4641 ,704FA1E5C0ABA94FB46744610C4D93E3 ,700,1,"2021-05-31 00:00:00 +0000",supplierinvoice_70,0,0,700,7
2bcc7bf0acf011e8bb9a9d9b746c4641,2b3237c0acf011e8bb9a9d9b746c4641 ,952246BDEEE4E846918B5F5D4D774CC6 ,50000,1,"2021-03-31 00:00:00 +0000",supplierinvoice_72,0.01,0,50000,48
2bc92090acf011e8bb9a9d9b746c4641,2b3237c0acf011e8bb9a9d9b746c4641 ,7CA1B9755E0B044A944094E85500676E ,34400,1,"2020-10-31 00:00:00 +0000",171033,0.01,0,34400,47
2bc501e0acf011e8bb9a9d9b746c4641,2b3237c0acf011e8bb9a9d9b746c4641 ,323B33797F6280479E262244FE792863 ,11000,1,"2021-07-31 00:00:00 +0000",supplierinvoice_71,0.07000000000000001,0,11000,46
2bbd39b0acf011e8bb9a9d9b746c4641,2b3237c0acf011e8bb9a9d9b746c4641 ,F2ECB952B28F8B47A0C7E3618029ACA2 ,6700,1,"2020-10-31 00:00:00 +0000",DMTA0174001,0,0,6700,44
2b515880acf011e8bb9a9d9b746c4641,2b3237c0acf011e8bb9a9d9b746c4641 ,1ABA0D1FA1A6E34D907903F7498DA646 ,660,1,"2020-10-31 00:00:00 +0000",MZP026,0.28,0,660,10
2b4f83c0acf011e8bb9a9d9b746c4641,2b3237c0acf011e8bb9a9d9b746c4641 ,C3578AB6E1383A4680047F045E573AF7 ,508,1,"2020-10-31 00:00:00 +0000",M270250,0.28,0,508,9
2c60ccb0acf011e8bb9a9d9b746c4641,2b3237c0acf011e8bb9a9d9b746c4641 ,27BD63488FE3254A8FADCDDB38B11A9D ,900,1,"2019-04-30 00:00:00 +0000",59419,0.02,0.02,900,80
2bb87ec0acf011e8bb9a9d9b746c4641,2b3237c0acf011e8bb9a9d9b746c4641 ,84892760e14a11e7a5872fa61e46d180 ,100,1,"2019-07-31 00:00:00 +0000",supplierinvoice_1,0,0,100,43
2b5ec600acf011e8bb9a9d9b746c4641,2b3237c0acf011e8bb9a9d9b746c4641 ,73655160a1c111e8bee3470b63db81b0 ,11,1,"2021-02-28 00:00:00 +0000",supplierinvoice_78,0,0,212,15
2b5b1c80acf011e8bb9a9d9b746c4641,2b3237c0acf011e8bb9a9d9b746c4641 ,4034109B18EF334F92A78B609BFEFBC4 ,230,1,"2022-10-31 00:00:00 +0000",7J702225,0.38,0,0,13
2be0c740acf011e8bb9a9d9b746c4641,2b3237c0acf011e8bb9a9d9b746c4641 ,D6892714DB8721428AA3AF4E06B53067 ,400,1,"2022-09-30 00:00:00 +0000",20170915,4,0,400,53
2b6e5660acf011e8bb9a9d9b746c4641,2b3237c0acf011e8bb9a9d9b746c4641 ,451294b0e14811e7a5872fa61e46d180 ,5,1,"2019-11-30 00:00:00 +0000",supplierinvoice_1,0,0,5,22
2b57e830acf011e8bb9a9d9b746c4641,2b3237c0acf011e8bb9a9d9b746c4641 ,716A6838547294479AC70B93BE79C8C6 ,10,1,"2019-04-30 00:00:00 +0000",DHG508C,0.53,0,10,12
2c669910acf011e8bb9a9d9b746c4641,2b3237c0acf011e8bb9a9d9b746c4641 ,2a2659d0e14c11e7a5872fa61e46d180 ,6500,1,"2022-01-31 00:00:00 +0000",supplierinvoice_1,0,0,6600,81
2bb04160acf011e8bb9a9d9b746c4641,2b3237c0acf011e8bb9a9d9b746c4641 ,1CC19DF844CCD74AB40522CD42F273D2 ,38600,1,"2020-09-30 00:00:00 +0000",T2017293,0.01,0,38600,41
2babfba0acf011e8bb9a9d9b746c4641,2b3237c0acf011e8bb9a9d9b746c4641 ,A59507763B36F74A988FC5BBE159DD2C ,66300,1,"2021-06-30 00:00:00 +0000",T3018167,0,0,67100,40
2b9e8e20acf011e8bb9a9d9b746c4641,2b3237c0acf011e8bb9a9d9b746c4641 ,8FA7D9A55DD72B459346ECB0E8915E60 ,1991,1,"2020-03-31 00:00:00 +0000",71168B,0.38,0,1991,39
2b995e00acf011e8bb9a9d9b746c4641,2b3237c0acf011e8bb9a9d9b746c4641 ,1898B4640D07BE42A47D40396E3E0FC3 ,400,1,"2020-11-30 00:00:00 +0000",supplierinvoice_52,0.38,0,400,37
2b96c5f0acf011e8bb9a9d9b746c4641,2b3237c0acf011e8bb9a9d9b746c4641 ,4F9A4D158F275F4EA9D14C220D2330CA ,545,1,"2020-04-30 00:00:00 +0000",53238A,38,0,545,36
2c09ac00acf011e8bb9a9d9b746c4641,2b3237c0acf011e8bb9a9d9b746c4641 ,F199EF343341FE40BAEE8FEF40A3D449 ,55,1,"2020-10-31 00:00:00 +0000",supplierinvoice_70,2.33,0,55,62
2b9bcf00acf011e8bb9a9d9b746c4641,2b3237c0acf011e8bb9a9d9b746c4641 ,983a21206dfd11e88503534efd32787c ,25,1,"2020-11-30 00:00:00 +0000",supplierinvoice_61,0,0,25,38
2c056640acf011e8bb9a9d9b746c4641,2b3237c0acf011e8bb9a9d9b746c4641 ,91D49AE93726A64AB570CE014E2950A8 ,25,1,"2020-10-31 00:00:00 +0000",supplierinvoice_47,2.33,0,25,61
2b5ca320acf011e8bb9a9d9b746c4641,2b3237c0acf011e8bb9a9d9b746c4641 ,B31D5DBFD5433B4ABDF210DA00693530 ,1900,1,"2022-10-31 00:00:00 +0000",7J702225,0.38,0,0,14
2b60e8e0acf011e8bb9a9d9b746c4641,2b3237c0acf011e8bb9a9d9b746c4641 ,7d00e1d0a1c111e8bee3470b63db81b0 ,7,1,"2021-10-31 00:00:00 +0000",supplierinvoice_78,0,0,0,16
2b934380acf011e8bb9a9d9b746c4641,2b3237c0acf011e8bb9a9d9b746c4641 ,6A491FA34D00B24BBA71E9FDD1E4A2CC ,300,1,"2018-10-31 00:00:00 +0000",784151004,0,0,300,35
2b62bda0acf011e8bb9a9d9b746c4641,2b3237c0acf011e8bb9a9d9b746c4641 ,95759030a1c111e8bee3470b63db81b0 ,7,1,"2022-03-31 00:00:00 +0000",supplierinvoice_78,0,0,0,17
d6182900acf611e8bb9a9d9b746c4641,2b3237c0acf011e8bb9a9d9b746c4641 ,f10e9ba06dfd11e88503534efd32787c ,11,1,<null>,supplierinvoice_61,0,0,11,84
d60eda30acf611e8bb9a9d9b746c4641,2b3237c0acf011e8bb9a9d9b746c4641 ,8B5890F35F865D44A2D1A2CF1AEBF438 ,29,1,<null>,supplierinvoice_47,0.1,0,29,83
2b7e5bf0acf011e8bb9a9d9b746c4641,2b3237c0acf011e8bb9a9d9b746c4641 ,9C5D1FDB27F89443BA563481494F4CF8 ,99,1,"2019-07-31 00:00:00 +0000",PA2647H,29.72,0,99,28
2b7c1200acf011e8bb9a9d9b746c4641,2b3237c0acf011e8bb9a9d9b746c4641 ,C731B9862031C948BB1B33B0BFE0CF5D ,35,1,"2020-09-30 00:00:00 +0000",ID74014,1.51,1.51,35,27
2b86c060acf011e8bb9a9d9b746c4641,2b3237c0acf011e8bb9a9d9b746c4641 ,B1B33D499DEEB84EA910AA59DDE0A3D4 ,80000,1,"2020-05-31 00:00:00 +0000",173132161,0.01,0,80000,31
2c182af0acf011e8bb9a9d9b746c4641,2b3237c0acf011e8bb9a9d9b746c4641 ,742907F304B1EF40B331A9250D47684D ,770,1,<null>,supplierinvoice_80,0.05,0,770,65
2c0f2a40acf011e8bb9a9d9b746c4641,2b3237c0acf011e8bb9a9d9b746c4641 ,E0957611DAA7AB448120F760E15F9AE1 ,1050,1,<null>,supplierinvoice_70,0.05,0,1050,63
2b7904c0acf011e8bb9a9d9b746c4641,2b3237c0acf011e8bb9a9d9b746c4641 ,3D7A06C8D92B2A4392C6C14B2A36C8B5 ,3000,1,"2020-11-30 00:00:00 +0000",QK6663,0.02,0,3000,26
2b819040acf011e8bb9a9d9b746c4641,2b3237c0acf011e8bb9a9d9b746c4641 ,78221DAFAF7BC44195C78F35356A4941 ,69552,1,"2019-09-30 00:00:00 +0000",3856093,0.01,0,69552,29
2b8f9a00acf011e8bb9a9d9b746c4641,2b3237c0acf011e8bb9a9d9b746c4641 ,F0B53121A522AA468DF5C2B1BCF166AB ,888,1,"2020-12-31 00:00:00 +0000",HE18A02,0.11,0,888,34
2b4375d0acf011e8bb9a9d9b746c4641,2b3237c0acf011e8bb9a9d9b746c4641 ,91A9C4A48F1A8748A8AC56F0A55EAB36 ,110,1,"2019-06-30 00:00:00 +0000",16018B99,37,0,110,5
2b76e1e0acf011e8bb9a9d9b746c4641,2b3237c0acf011e8bb9a9d9b746c4641 ,7C0815F33D933240AFE8DCF5BBA659AD ,1500,1,"2020-11-30 00:00:00 +0000",QK6663,0.02,0,1500,25
2b74bf00acf011e8bb9a9d9b746c4641,2b3237c0acf011e8bb9a9d9b746c4641 ,2CFAC947CABD5447BC025ABB707751D7 ,715,1,"2020-11-30 00:00:00 +0000",QK6663,0.02,0,715,24
2c6aded0acf011e8bb9a9d9b746c4641,2b3237c0acf011e8bb9a9d9b746c4641 ,467c8820e14c11e7a5872fa61e46d180 ,6500,1,"2022-04-30 00:00:00 +0000",supplierinvoice_1,0,0,0,82
2c449220acf011e8bb9a9d9b746c4641,2b3237c0acf011e8bb9a9d9b746c4641 ,5ae01650a1c311e8bee3470b63db81b0 ,8,1,"2022-03-31 00:00:00 +0000",supplierinvoice_79,0,0,0,74
2c3f8910acf011e8bb9a9d9b746c4641,2b3237c0acf011e8bb9a9d9b746c4641 ,3e1aab70a1c311e8bee3470b63db81b0 ,27,1,"2021-01-31 00:00:00 +0000",supplierinvoice_79,0,0,0,73
2b64e080acf011e8bb9a9d9b746c4641,2b3237c0acf011e8bb9a9d9b746c4641 ,b8d89850a1c211e8bee3470b63db81b0 ,5,1,"2021-02-28 00:00:00 +0000",supplierinvoice_79,0,0,0,18
2c3b4350acf011e8bb9a9d9b746c4641,2b3237c0acf011e8bb9a9d9b746c4641 ,285edb80a1c311e8bee3470b63db81b0 ,15,1,"2020-11-30 00:00:00 +0000",supplierinvoice_79,0,0,0,72
2c36af70acf011e8bb9a9d9b746c4641,2b3237c0acf011e8bb9a9d9b746c4641 ,ebac2e50a1c111e8bee3470b63db81b0 ,12,1,"2020-12-31 00:00:00 +0000",supplierinvoice_78,0,0,0,71
2c2d3990acf011e8bb9a9d9b746c4641,2b3237c0acf011e8bb9a9d9b746c4641 ,BCD6FDCA3B99954C9CFA51DC6E2639AC ,2400,1,"2022-09-30 00:00:00 +0000",supplierinvoice_69,24,0,0,69
2c285790acf011e8bb9a9d9b746c4641,2b3237c0acf011e8bb9a9d9b746c4641 ,3CA5D64918759D4785F08C6DAFB799D3 ,170,1,"2021-02-28 00:00:00 +0000",supplierinvoice_52,24,0,0,68
2b849d80acf011e8bb9a9d9b746c4641,2b3237c0acf011e8bb9a9d9b746c4641 ,6DB6B152B85AF64FB589A3CA380FD009 ,900,1,"2020-05-31 00:00:00 +0000",173132161,0.01,0,900,30
2b6b2210acf011e8bb9a9d9b746c4641,2b3237c0acf011e8bb9a9d9b746c4641 ,fbd02650a1c211e8bee3470b63db81b0 ,55,1,"2022-01-31 00:00:00 +0000",supplierinvoice_79,0,0,0,21
2b692640acf011e8bb9a9d9b746c4641,2b3237c0acf011e8bb9a9d9b746c4641 ,eddfbab0a1c211e8bee3470b63db81b0 ,17,1,"2022-03-31 00:00:00 +0000",supplierinvoice_79,0,0,0,20
ff41f760c55711e8bf50e93da3372528,e30d8da0c30111e8bf50e93da3372528 ,91D49AE93726A64AB570CE014E2950A8 ,10,1,"2020-10-31 00:00:00 +0000",supplierinvoice_47,2.33,0,0,64
ff472780c55711e8bf50e93da3372528,e30d8da0c30111e8bf50e93da3372528 ,F199EF343341FE40BAEE8FEF40A3D449 ,55,1,"2020-10-31 00:00:00 +0000",supplierinvoice_70,2.33,0,0,65
fedc57c0c55711e8bf50e93da3372528,e30d8da0c30111e8bf50e93da3372528 ,7C0815F33D933240AFE8DCF5BBA659AD ,1265,1,"2020-11-30 00:00:00 +0000",QK6663,0.02,0,1265,62
fee187e0c55711e8bf50e93da3372528,e30d8da0c30111e8bf50e93da3372528 ,3D7A06C8D92B2A4392C6C14B2A36C8B5 ,2950,1,"2020-11-30 00:00:00 +0000",QK6663,0.02,0,2950,63
fe9c6890c55711e8bf50e93da3372528,e30d8da0c30111e8bf50e93da3372528 ,6D67908A18C15B429B023A2C5FCBD575 ,300,1,"2020-05-31 00:00:00 +0000",05DDD023A,0.34,0,300,60
fea409b0c55711e8bf50e93da3372528,e30d8da0c30111e8bf50e93da3372528 ,E690210050EA1A4A81B7633F9FED5C99 ,1475,1,"2020-05-31 00:00:00 +0000",05DDD023A,0.34,0,1475,61
feaa9960c55711e8bf50e93da3372528,e30d8da0c30111e8bf50e93da3372528 ,6FFD7C8F46E9C04F85BF40D8609D62F2 ,800,1,"2020-10-31 00:00:00 +0000",supplierinvoice_52,0.06,0,800,60
feaff090c55711e8bf50e93da3372528,e30d8da0c30111e8bf50e93da3372528 ,7B25DBC92F3A6C43BC534103D730DF44 ,1220,1,"2020-09-30 00:00:00 +0000",20171009,0.06,0.06,1220,61
e31b7050c30111e8bf50e93da3372528,e30d8da0c30111e8bf50e93da3372528 ,6F4D269D482B2D4F8E0B74737B8BA7C2 ,114,1,"2020-06-30 00:00:00 +0000",247,0.48,0,114,3
fec96c00c55711e8bf50e93da3372528,e30d8da0c30111e8bf50e93da3372528 ,616A176CCCF64841800EBBB2E1FB1FE7 ,163,1,"2021-03-31 00:00:00 +0000",supplierinvoice_55,0,0,163,62
feb65930c55711e8bf50e93da3372528,e30d8da0c30111e8bf50e93da3372528 ,91A9C4A48F1A8748A8AC56F0A55EAB36 ,109,1,"2019-06-30 00:00:00 +0000",16018B99,37,0,109,61
febc9ac0c55711e8bf50e93da3372528,e30d8da0c30111e8bf50e93da3372528 ,d30de7106dfc11e88503534efd32787c ,3,1,<null>,supplierinvoice_61,0,0,3,61
fec21900c55711e8bf50e93da3372528,e30d8da0c30111e8bf50e93da3372528 ,8cb3b310c55111e8bf50e93da3372528 ,1,1,<null>,supplierinvoice_86,0,0,1,62
fecfad90c55711e8bf50e93da3372528,e30d8da0c30111e8bf50e93da3372528 ,C3578AB6E1383A4680047F045E573AF7 ,20,1,"2020-10-31 00:00:00 +0000",M270250,0.28,0,20,62
fed52bd0c55711e8bf50e93da3372528,e30d8da0c30111e8bf50e93da3372528 ,1ABA0D1FA1A6E34D907903F7498DA646 ,517,1,"2020-10-31 00:00:00 +0000",MZP026,0.28,0,517,63
fee7c970c55711e8bf50e93da3372528,e30d8da0c30111e8bf50e93da3372528 ,78221DAFAF7BC44195C78F35356A4941 ,34992,1,"2019-09-30 00:00:00 +0000",3856093,0.01,0,34992,63
feedbce0c55711e8bf50e93da3372528,e30d8da0c30111e8bf50e93da3372528 ,B1B33D499DEEB84EA910AA59DDE0A3D4 ,48400,1,"2020-05-31 00:00:00 +0000",173132161,0.01,0,49200,63
0ffa9e00c54811e8bf50e93da3372528,e30d8da0c30111e8bf50e93da3372528 ,C731B9862031C948BB1B33B0BFE0CF5D ,35,1,"2020-09-30 00:00:00 +0000",ID74014,1.51,1.51,35,12
0ffdab40c54811e8bf50e93da3372528,e30d8da0c30111e8bf50e93da3372528 ,9C5D1FDB27F89443BA563481494F4CF8 ,99,1,"2019-07-31 00:00:00 +0000",PA2647H,29.72,0,99,13
1000df90c54811e8bf50e93da3372528,e30d8da0c30111e8bf50e93da3372528 ,0CF38853605520429A664D108BC57399 ,13,1,"2020-09-30 00:00:00 +0000",ID74034/5,1.51,0,13,14
1ab44760c5f211e8bf5f21ced190b1f8,e30d8da0c30111e8bf50e93da3372528 ,037AC4DC4CF7974E9E9E9C041FFD57A0 ,1700,1,"2019-02-28 00:00:00 +0000",AAM17004,0,0,1700,64
1abafe20c5f211e8bf5f21ced190b1f8,e30d8da0c30111e8bf50e93da3372528 ,FE35C1132B3DC342B1CCBE46F916DF5C ,1000,1,"2019-02-28 00:00:00 +0000",AAM17004,0.01,0,1000,65
1ac166c0c5f211e8bf5f21ced190b1f8,e30d8da0c30111e8bf50e93da3372528 ,F0B53121A522AA468DF5C2B1BCF166AB ,580,1,"2020-12-31 00:00:00 +0000",HE18A02,0.11,0,580,65
10cd5750c54811e8bf50e93da3372528,e30d8da0c30111e8bf50e93da3372528 ,8B5890F35F865D44A2D1A2CF1AEBF438 ,24,1,<null>,supplierinvoice_47,0.1,0,24,57
10d28770c54811e8bf50e93da3372528,e30d8da0c30111e8bf50e93da3372528 ,f10e9ba06dfd11e88503534efd32787c ,11,1,<null>,supplierinvoice_61,0,0,11,58
10b2f180c54811e8bf50e93da3372528,e30d8da0c30111e8bf50e93da3372528 ,742907F304B1EF40B331A9250D47684D ,310,1,<null>,supplierinvoice_80,0.05,0,310,52
10b7fa90c54811e8bf50e93da3372528,e30d8da0c30111e8bf50e93da3372528 ,812A85AFC6B1E847B243E52F8A86A347 ,1110,1,<null>,supplierinvoice_84,0.05,0,1110,53
101bba90c54811e8bf50e93da3372528,e30d8da0c30111e8bf50e93da3372528 ,74F86FBBAA5D774F8F9C89818F4D5478 ,250,1,"2019-12-31 00:00:00 +0000",supplierinvoice_47,0.01,0,250,21
101ec7d0c54811e8bf50e93da3372528,e30d8da0c30111e8bf50e93da3372528 ,35476EDA7F96AA4E972117127034DC58 ,800,1,"2019-11-30 00:00:00 +0000",324987,0.01,0,800,22
fef3d760c55711e8bf50e93da3372528,e30d8da0c30111e8bf50e93da3372528 ,29A34CA03B87364185742EE151C323FE ,56100,1,"2020-03-31 00:00:00 +0000",CP7002,0,0,56100,63
1ada9410c5f211e8bf5f21ced190b1f8,e30d8da0c30111e8bf50e93da3372528 ,201C6667BE98014794BD5F53E9EBD630 ,30,1,"2021-04-30 00:00:00 +0000",supplierinvoice_84,0,0,30,64
ff3ca030c55711e8bf50e93da3372528,e30d8da0c30111e8bf50e93da3372528 ,ad1aa1d0e14b11e7a5872fa61e46d180 ,4,1,<null>,supplierinvoice_1,0,0,5,63
fefb2a60c55711e8bf50e93da3372528,e30d8da0c30111e8bf50e93da3372528 ,4F9A4D158F275F4EA9D14C220D2330CA ,545,1,"2020-04-30 00:00:00 +0000",53238A,38,0,545,60
ff008190c55711e8bf50e93da3372528,e30d8da0c30111e8bf50e93da3372528 ,1898B4640D07BE42A47D40396E3E0FC3 ,400,1,"2020-11-30 00:00:00 +0000",supplierinvoice_52,0.38,0,400,61
ff058aa0c55711e8bf50e93da3372528,e30d8da0c30111e8bf50e93da3372528 ,983a21206dfd11e88503534efd32787c ,25,1,"2020-11-30 00:00:00 +0000",supplierinvoice_61,0,0,25,62
ff0a93b0c55711e8bf50e93da3372528,e30d8da0c30111e8bf50e93da3372528 ,8FA7D9A55DD72B459346ECB0E8915E60 ,1433,1,"2020-03-31 00:00:00 +0000",71168B,0.38,0,1433,63
10930d70c54811e8bf50e93da3372528,e30d8da0c30111e8bf50e93da3372528 ,37694760e14c11e7a5872fa61e46d180 ,31000,1,"2021-09-30 00:00:00 +0000",supplierinvoice_1,0,0,31000,46
1065e2f0c54811e8bf50e93da3372528,e30d8da0c30111e8bf50e93da3372528 ,D6892714DB8721428AA3AF4E06B53067 ,400,1,"2022-09-30 00:00:00 +0000",20170915,4,0,400,37
1ae0fcb0c5f211e8bf5f21ced190b1f8,e30d8da0c30111e8bf50e93da3372528 ,27BD63488FE3254A8FADCDDB38B11A9D ,300,1,"2019-04-30 00:00:00 +0000",59419,0.02,0.02,300,64
ff178c00c55711e8bf50e93da3372528,e30d8da0c30111e8bf50e93da3372528 ,323B33797F6280479E262244FE792863 ,9700,1,"2021-07-31 00:00:00 +0000",supplierinvoice_71,0.07000000000000001,0,9700,63
1054f300c54811e8bf50e93da3372528,e30d8da0c30111e8bf50e93da3372528 ,951479B83C26934E9B38DFBC8F7A855E ,6850,1,"2020-02-29 00:00:00 +0000",75681,0.01,0,6850,34
b62bf5b0c5ef11e8bf5f21ced190b1f8,e30d8da0c30111e8bf50e93da3372528 ,E50A191510B3C74E928B61D0D76C7FF7 ,1351,1,"2019-11-30 00:00:00 +0000",471117C,0.35,0,1350,65
105ba9c0c54811e8bf50e93da3372528,e30d8da0c30111e8bf50e93da3372528 ,2CEFC366FEFB734A9D0E351B2C95B91E ,17,1,<null>,supplierinvoice_55,7.67,0,17,35
10601690c54811e8bf50e93da3372528,e30d8da0c30111e8bf50e93da3372528 ,6CA463D1BD225E4AB696BDED05E0CF88 ,5,1,<null>,supplierinvoice_72,7.67,0,5,36
106c2480c54811e8bf50e93da3372528,e30d8da0c30111e8bf50e93da3372528 ,9D2023BC9A3695449196A09B267999D0 ,1,1,<null>,supplierinvoice_80,30,0,1,38
1071f0e0c54811e8bf50e93da3372528,e30d8da0c30111e8bf50e93da3372528 ,7b16ad50e14b11e7a5872fa61e46d180 ,2,1,<null>,supplierinvoice_1,0,0,2,39
1076d2e0c54811e8bf50e93da3372528,e30d8da0c30111e8bf50e93da3372528 ,d10452a0365d11e88fbccdc0dc0120d2 ,1,1,<null>,supplierinvoice_31,0,0,1,40
107b18a0c54811e8bf50e93da3372528,e30d8da0c30111e8bf50e93da3372528 ,6a0045a0955d11e899f23b1bff7f35c1 ,1,1,<null>,supplierinvoice_75,0,0,1,41
1ad4c7b0c5f211e8bf5f21ced190b1f8,e30d8da0c30111e8bf50e93da3372528 ,9A570DEF154DEF4ABA63472BBCD14C61 ,2,1,<null>,supplierinvoice_80,15,0,2,64
e3314240c30111e8bf50e93da3372528,e30d8da0c30111e8bf50e93da3372528 ,75b31e10e14711e7a5872fa61e46d180 ,11,1,"2018-08-31 00:00:00 +0000",supplierinvoice_1,0,0,11,9
10bd9fe0c54811e8bf50e93da3372528,e30d8da0c30111e8bf50e93da3372528 ,03C50CB3E27D25469B299C38FB3D3AF8 ,23,1,<null>,supplierinvoice_36,125,0,23,54
10c233c0c54811e8bf50e93da3372528,e30d8da0c30111e8bf50e93da3372528 ,1025B14BE3BA0540B82656DC41EC1570 ,50,1,<null>,supplierinvoice_52,125,0,50,55
10c715c0c54811e8bf50e93da3372528,e30d8da0c30111e8bf50e93da3372528 ,4044FB575F385949AF0FE3873D4146EB ,10,1,<null>,supplierinvoice_57,125,0,10,56
ff298d60c55711e8bf50e93da3372528,e30d8da0c30111e8bf50e93da3372528 ,6B16000631EF3F4B9F4C390B5E818F6A ,3800,1,"2021-02-28 00:00:00 +0000",supplierinvoice_69,0.02,0,3800,64
ff112360c55711e8bf50e93da3372528,e30d8da0c30111e8bf50e93da3372528 ,A59507763B36F74A988FC5BBE159DD2C ,35100,1,"2021-06-30 00:00:00 +0000",T3018167,0,0,35100,63
10369590c54811e8bf50e93da3372528,e30d8da0c30111e8bf50e93da3372528 ,1CC19DF844CCD74AB40522CD42F273D2 ,12000,1,"2020-09-30 00:00:00 +0000",T2017293,0.01,0,12000,28
ff2ff600c55711e8bf50e93da3372528,e30d8da0c30111e8bf50e93da3372528 ,2a2659d0e14c11e7a5872fa61e46d180 ,3500,1,"2022-01-31 00:00:00 +0000",supplierinvoice_1,0,0,3500,63
ff35c260c55711e8bf50e93da3372528,e30d8da0c30111e8bf50e93da3372528 ,467c8820e14c11e7a5872fa61e46d180 ,6500,1,"2022-04-30 00:00:00 +0000",supplierinvoice_1,0,0,6500,64
1ac78140c5f211e8bf5f21ced190b1f8,e30d8da0c30111e8bf50e93da3372528 ,F2ECB952B28F8B47A0C7E3618029ACA2 ,3600,1,"2020-10-31 00:00:00 +0000",DMTA0174001,0,0,3600,65
ff1df4a0c55711e8bf50e93da3372528,e30d8da0c30111e8bf50e93da3372528 ,7CA1B9755E0B044A944094E85500676E ,900,1,"2020-10-31 00:00:00 +0000",171033,0.01,0,900,63
ff2324c0c55711e8bf50e93da3372528,e30d8da0c30111e8bf50e93da3372528 ,952246BDEEE4E846918B5F5D4D774CC6 ,35500,1,"2021-03-31 00:00:00 +0000",supplierinvoice_72,0.01,0,35500,64
e32693e0c30111e8bf50e93da3372528,e30d8da0c30111e8bf50e93da3372528 ,704FA1E5C0ABA94FB46744610C4D93E3 ,700,1,"2021-05-31 00:00:00 +0000",supplierinvoice_70,0,0,700,6
500b8390c60811e8bf5f21ced190b1f8,e30d8da0c30111e8bf50e93da3372528 ,4034109B18EF334F92A78B609BFEFBC4 ,230,1,"2022-10-31 00:00:00 +0000",7J702225,0.38,0,0,65
50126160c60811e8bf5f21ced190b1f8,e30d8da0c30111e8bf50e93da3372528 ,B31D5DBFD5433B4ABDF210DA00693530 ,1900,1,"2022-10-31 00:00:00 +0000",7J702225,0.38,0,0,66
501f59b0c60811e8bf5f21ced190b1f8,e30d8da0c30111e8bf50e93da3372528 ,7d00e1d0a1c111e8bee3470b63db81b0 ,7,1,"2021-10-31 00:00:00 +0000",supplierinvoice_78,0,0,0,68
50254d20c60811e8bf5f21ced190b1f8,e30d8da0c30111e8bf50e93da3372528 ,95759030a1c111e8bee3470b63db81b0 ,7,1,"2022-03-31 00:00:00 +0000",supplierinvoice_78,0,0,0,69
502c5200c60811e8bf5f21ced190b1f8,e30d8da0c30111e8bf50e93da3372528 ,b8d89850a1c211e8bee3470b63db81b0 ,5,1,"2021-02-28 00:00:00 +0000",supplierinvoice_79,0,0,0,70
50324570c60811e8bf5f21ced190b1f8,e30d8da0c30111e8bf50e93da3372528 ,c629ddc0a1c211e8bee3470b63db81b0 ,12,1,"2021-10-31 00:00:00 +0000",supplierinvoice_79,0,0,0,71
5037eac0c60811e8bf5f21ced190b1f8,e30d8da0c30111e8bf50e93da3372528 ,eddfbab0a1c211e8bee3470b63db81b0 ,17,1,"2022-03-31 00:00:00 +0000",supplierinvoice_79,0,0,0,72
503d41f0c60811e8bf5f21ced190b1f8,e30d8da0c30111e8bf50e93da3372528 ,fbd02650a1c211e8bee3470b63db81b0 ,55,1,"2022-01-31 00:00:00 +0000",supplierinvoice_79,0,0,0,73
50446de0c60811e8bf5f21ced190b1f8,e30d8da0c30111e8bf50e93da3372528 ,3CA5D64918759D4785F08C6DAFB799D3 ,170,1,"2021-02-28 00:00:00 +0000",supplierinvoice_52,24,0,0,74
504a3a40c60811e8bf5f21ced190b1f8,e30d8da0c30111e8bf50e93da3372528 ,BCD6FDCA3B99954C9CFA51DC6E2639AC ,2400,1,"2022-09-30 00:00:00 +0000",supplierinvoice_69,24,0,0,75
5055abf0c60811e8bf5f21ced190b1f8,e30d8da0c30111e8bf50e93da3372528 ,ebac2e50a1c111e8bee3470b63db81b0 ,12,1,"2020-12-31 00:00:00 +0000",supplierinvoice_78,0,0,0,77
505b9f60c60811e8bf5f21ced190b1f8,e30d8da0c30111e8bf50e93da3372528 ,285edb80a1c311e8bee3470b63db81b0 ,15,1,"2020-11-30 00:00:00 +0000",supplierinvoice_79,0,0,0,78
506192d0c60811e8bf5f21ced190b1f8,e30d8da0c30111e8bf50e93da3372528 ,3e1aab70a1c311e8bee3470b63db81b0 ,27,1,"2021-01-31 00:00:00 +0000",supplierinvoice_79,0,0,0,79
50673820c60811e8bf5f21ced190b1f8,e30d8da0c30111e8bf50e93da3372528 ,5ae01650a1c311e8bee3470b63db81b0 ,8,1,"2022-03-31 00:00:00 +0000",supplierinvoice_79,0,0,0,80
50191820c60811e8bf5f21ced190b1f8,e30d8da0c30111e8bf50e93da3372528 ,73655160a1c111e8bee3470b63db81b0 ,212,1,"2021-02-28 00:00:00 +0000",supplierinvoice_78,0,0,236,67
1ace10f0c5f211e8bf5f21ced190b1f8,e30d8da0c30111e8bf50e93da3372528 ,3CFE87F19E375E49876562FAC01A6601 ,1500,1,"2021-02-28 00:00:00 +0000",AMN025C18,0.02,0,1500,65
504fdf90c60811e8bf5f21ced190b1f8,e30d8da0c30111e8bf50e93da3372528 ,d5c15f20a1c111e8bee3470b63db81b0 ,172,1,"2020-05-31 00:00:00 +0000",supplierinvoice_78,0,0,292,76
10a81c10c54811e8bf50e93da3372528,e30d8da0c30111e8bf50e93da3372528 ,F5C1DB587B135A4BB27F5760A731FE70 ,453,1,"2023-01-31 00:00:00 +0000",supplierinvoice_58,2.08,2.08,453,50
10acd700c54811e8bf50e93da3372528,e30d8da0c30111e8bf50e93da3372528 ,25E23DAA4829BA438D9EC11A5FEB2D36 ,312,1,"2020-11-30 00:00:00 +0000",supplierinvoice_69,2.08,2.08,312,51
d5f151b0dcba11e8b3be8554970e016f,d5cefca0dcba11e8b3be8554970e016f ,B31D5DBFD5433B4ABDF210DA00693530 ,1900,1,"2022-10-31 00:00:00 +0000",7J702225,0.38,0,0,8
d5fa7970dcba11e8b3be8554970e016f,d5cefca0dcba11e8b3be8554970e016f ,c629ddc0a1c211e8bee3470b63db81b0 ,12,1,"2021-10-31 00:00:00 +0000",supplierinvoice_79,0,0,0,13
d5fc4e30dcba11e8b3be8554970e016f,d5cefca0dcba11e8b3be8554970e016f ,eddfbab0a1c211e8bee3470b63db81b0 ,17,1,"2022-03-31 00:00:00 +0000",supplierinvoice_79,0,0,0,14
d5fdd4d0dcba11e8b3be8554970e016f,d5cefca0dcba11e8b3be8554970e016f ,fbd02650a1c211e8bee3470b63db81b0 ,55,1,"2022-01-31 00:00:00 +0000",supplierinvoice_79,0,0,0,15
d60cf000dcba11e8b3be8554970e016f,d5cefca0dcba11e8b3be8554970e016f ,7C0815F33D933240AFE8DCF5BBA659AD ,500,1,"2020-11-30 00:00:00 +0000",QK6663,0.02,0,0,21
d60ec4c0dcba11e8b3be8554970e016f,d5cefca0dcba11e8b3be8554970e016f ,3D7A06C8D92B2A4392C6C14B2A36C8B5 ,2950,1,"2020-11-30 00:00:00 +0000",QK6663,0.02,0,0,22
d64257e0dcba11e8b3be8554970e016f,d5cefca0dcba11e8b3be8554970e016f ,74F86FBBAA5D774F8F9C89818F4D5478 ,250,1,"2019-12-31 00:00:00 +0000",supplierinvoice_47,0.01,0,0,40
d67c2c90dcba11e8b3be8554970e016f,d5cefca0dcba11e8b3be8554970e016f ,3CA5D64918759D4785F08C6DAFB799D3 ,170,1,"2021-02-28 00:00:00 +0000",supplierinvoice_52,24,0,0,56
d6802430dcba11e8b3be8554970e016f,d5cefca0dcba11e8b3be8554970e016f ,BCD6FDCA3B99954C9CFA51DC6E2639AC ,2400,1,"2022-09-30 00:00:00 +0000",supplierinvoice_69,24,0,0,57
d6875020dcba11e8b3be8554970e016f,d5cefca0dcba11e8b3be8554970e016f ,ebac2e50a1c111e8bee3470b63db81b0 ,12,1,"2020-12-31 00:00:00 +0000",supplierinvoice_78,0,0,0,59
d68af9a0dcba11e8b3be8554970e016f,d5cefca0dcba11e8b3be8554970e016f ,285edb80a1c311e8bee3470b63db81b0 ,15,1,"2020-11-30 00:00:00 +0000",supplierinvoice_79,0,0,0,60
d68e7c10dcba11e8b3be8554970e016f,d5cefca0dcba11e8b3be8554970e016f ,3e1aab70a1c311e8bee3470b63db81b0 ,27,1,"2021-01-31 00:00:00 +0000",supplierinvoice_79,0,0,0,61
d69273b0dcba11e8b3be8554970e016f,d5cefca0dcba11e8b3be8554970e016f ,5ae01650a1c311e8bee3470b63db81b0 ,8,1,"2022-03-31 00:00:00 +0000",supplierinvoice_79,0,0,0,62
d610c090dcba11e8b3be8554970e016f,d5cefca0dcba11e8b3be8554970e016f ,4AC0038E7C16FE4DBBAB754BF2E25296 ,1700,1,"2020-11-30 00:00:00 +0000",QK6663,0.02,0,1800,23
d6170220dcba11e8b3be8554970e016f,d5cefca0dcba11e8b3be8554970e016f ,78221DAFAF7BC44195C78F35356A4941 ,9072,1,"2019-09-30 00:00:00 +0000",3856093,0.01,0,9072,25
d6197320dcba11e8b3be8554970e016f,d5cefca0dcba11e8b3be8554970e016f ,2C896D1E5ED83841B3510FF9370B1C9F ,90000,1,"2020-11-30 00:00:00 +0000",171111,0.01,0,90000,26
d63b5300dcba11e8b3be8554970e016f,d5cefca0dcba11e8b3be8554970e016f ,B1B33D499DEEB84EA910AA59DDE0A3D4 ,11400,1,"2020-05-31 00:00:00 +0000",173132161,0.01,0,11400,38
d63ed570dcba11e8b3be8554970e016f,d5cefca0dcba11e8b3be8554970e016f ,381B74E2D9F34540BED0F449AEE35BF3 ,40000,1,"2020-12-31 00:00:00 +0000",173132432,0.04,0,40000,39
d61c8060dcba11e8b3be8554970e016f,d5cefca0dcba11e8b3be8554970e016f ,C731B9862031C948BB1B33B0BFE0CF5D ,35,1,"2020-09-30 00:00:00 +0000",ID74014,1.51,1.51,35,27
d61ef160dcba11e8b3be8554970e016f,d5cefca0dcba11e8b3be8554970e016f ,9C5D1FDB27F89443BA563481494F4CF8 ,95,1,"2019-07-31 00:00:00 +0000",PA2647H,29.72,0,95,28
d6216260dcba11e8b3be8554970e016f,d5cefca0dcba11e8b3be8554970e016f ,0CF38853605520429A664D108BC57399 ,13,1,"2020-09-30 00:00:00 +0000",ID74034/5,1.51,0,13,29
d71ba0e0dcba11e8b3be8554970e016f,d5cefca0dcba11e8b3be8554970e016f ,037AC4DC4CF7974E9E9E9C041FFD57A0 ,1400,1,"2019-02-28 00:00:00 +0000",AAM17004,0,0,1400,90
d72082e0dcba11e8b3be8554970e016f,d5cefca0dcba11e8b3be8554970e016f ,FE35C1132B3DC342B1CCBE46F916DF5C ,1000,1,"2019-02-28 00:00:00 +0000",AAM17004,0.01,0,1000,91
d7253dd0dcba11e8b3be8554970e016f,d5cefca0dcba11e8b3be8554970e016f ,8B490B56D995C24B948D5A0BA9C1BD5A ,2000,1,"2019-11-30 00:00:00 +0000",AAM17007,0.01,0.01,2000,92
d71622a0dcba11e8b3be8554970e016f,d5cefca0dcba11e8b3be8554970e016f ,F0B53121A522AA468DF5C2B1BCF166AB ,420,1,"2020-12-31 00:00:00 +0000",HE18A02,0.11,0,420,89
d6d19f90dcba11e8b3be8554970e016f,d5cefca0dcba11e8b3be8554970e016f ,F1DA14E4191C7749A1CD21C30743CB20 ,32500,1,<null>,supplierinvoice_87,0,0,32500,75
d6c3bce0dcba11e8b3be8554970e016f,d5cefca0dcba11e8b3be8554970e016f ,DA214ED841E9DF4E855EFB8271948196 ,100,1,<null>,supplierinvoice_70,0,0,100,72
d6c829b0dcba11e8b3be8554970e016f,d5cefca0dcba11e8b3be8554970e016f ,2C616168D6DFB34B91ADBE4E839F05BA ,1900,1,<null>,supplierinvoice_80,0,0,1900,73
d6cc6f70dcba11e8b3be8554970e016f,d5cefca0dcba11e8b3be8554970e016f ,1FFB5DB3F04B324DB09A4620317092F2 ,4000,1,<null>,supplierinvoice_87,0,0,4000,74
d6b42c80dcba11e8b3be8554970e016f,d5cefca0dcba11e8b3be8554970e016f ,982d9ee0152511e8884ef1796b006edd ,1000,1,<null>,stocktake_8,0,0,1000,69
d6b93590dcba11e8b3be8554970e016f,d5cefca0dcba11e8b3be8554970e016f ,9CA2D5E2FA29274CA44E0EF9CEF6BB16 ,1800,1,<null>,supplierinvoice_36,0,0,1800,70
d6be65b0dcba11e8b3be8554970e016f,d5cefca0dcba11e8b3be8554970e016f ,856DE6A53E64D742BB340DA8B1B61936 ,2000,1,<null>,supplierinvoice_87,0,0,2000,71
d5e87810dcba11e8b3be8554970e016f,d5cefca0dcba11e8b3be8554970e016f ,91A9C4A48F1A8748A8AC56F0A55EAB36 ,89,1,"2019-06-30 00:00:00 +0000",16018B99,37,0,89,5
d659fe90dcba11e8b3be8554970e016f,d5cefca0dcba11e8b3be8554970e016f ,8B5890F35F865D44A2D1A2CF1AEBF438 ,12,1,<null>,supplierinvoice_47,0.1,0,12,47
d65d32e0dcba11e8b3be8554970e016f,d5cefca0dcba11e8b3be8554970e016f ,f10e9ba06dfd11e88503534efd32787c ,11,1,<null>,supplierinvoice_61,0,0,11,48
d6601910dcba11e8b3be8554970e016f,d5cefca0dcba11e8b3be8554970e016f ,ED3D788BA8920D479EC4A80CC5BA73BF ,5,1,<null>,MM,0.1,0,5,49
46e108c0dce311e8b3be8554970e016f,d5cefca0dcba11e8b3be8554970e016f ,812A85AFC6B1E847B243E52F8A86A347 ,20,1,<null>,supplierinvoice_84,0.05,0,20,92
d644eff0dcba11e8b3be8554970e016f,d5cefca0dcba11e8b3be8554970e016f ,35476EDA7F96AA4E972117127034DC58 ,500,1,"2019-11-30 00:00:00 +0000",324987,0.01,0,550,41
d6484b50dcba11e8b3be8554970e016f,d5cefca0dcba11e8b3be8554970e016f ,32795E8E4C783949807520261D455509 ,20,1,"2019-06-30 00:00:00 +0000",4542G5,0.1,0,20,42
d6010920dcba11e8b3be8554970e016f,d5cefca0dcba11e8b3be8554970e016f ,A59507763B36F74A988FC5BBE159DD2C ,13800,1,"2021-06-30 00:00:00 +0000",T3018167,0,0,13800,16
d602dde0dcba11e8b3be8554970e016f,d5cefca0dcba11e8b3be8554970e016f ,5EBEF49D874F16498CE3045A306E16D7 ,116000,1,"2021-04-30 00:00:00 +0000",S06,0,0,116000,17
d6048b90dcba11e8b3be8554970e016f,d5cefca0dcba11e8b3be8554970e016f ,8E626532FAEA2747B69430943ED9E7A6 ,1000,1,"2021-06-30 00:00:00 +0000",T301820617,0,0,1000,18
d5f34d80dcba11e8b3be8554970e016f,d5cefca0dcba11e8b3be8554970e016f ,73655160a1c111e8bee3470b63db81b0 ,226,1,"2021-02-28 00:00:00 +0000",supplierinvoice_78,0,0,1040,9
d5e51cb0dcba11e8b3be8554970e016f,d5cefca0dcba11e8b3be8554970e016f ,704FA1E5C0ABA94FB46744610C4D93E3 ,670,1,"2021-05-31 00:00:00 +0000",supplierinvoice_70,0,0,670,4
d6281920dcba11e8b3be8554970e016f,d5cefca0dcba11e8b3be8554970e016f ,951479B83C26934E9B38DFBC8F7A855E ,5400,1,"2020-02-29 00:00:00 +0000",75681,0.01,0,5400,31
d710cb70dcba11e8b3be8554970e016f,d5cefca0dcba11e8b3be8554970e016f ,E63247FA2A373F4B9A346B47CB1BEA83 ,6000,1,"2021-01-31 00:00:00 +0000",667180101,0.01,0,6000,88
d6aeae40dcba11e8b3be8554970e016f,d5cefca0dcba11e8b3be8554970e016f ,E50A191510B3C74E928B61D0D76C7FF7 ,450,1,"2019-11-30 00:00:00 +0000",471117C,0.35,0,450,68
46d4fad0dce311e8b3be8554970e016f,d5cefca0dcba11e8b3be8554970e016f ,2CEFC366FEFB734A9D0E351B2C95B91E ,13,1,<null>,supplierinvoice_55,7.67,0,13,91
46db1550dce311e8b3be8554970e016f,d5cefca0dcba11e8b3be8554970e016f ,6CA463D1BD225E4AB696BDED05E0CF88 ,5,1,<null>,supplierinvoice_72,7.67,0,5,92
d6fdb8a0dcba11e8b3be8554970e016f,d5cefca0dcba11e8b3be8554970e016f ,9D2023BC9A3695449196A09B267999D0 ,1,1,<null>,supplierinvoice_80,30,0,1,84
d702c1b0dcba11e8b3be8554970e016f,d5cefca0dcba11e8b3be8554970e016f ,7b16ad50e14b11e7a5872fa61e46d180 ,2,1,<null>,supplierinvoice_1,0,0,2,85
d707cac0dcba11e8b3be8554970e016f,d5cefca0dcba11e8b3be8554970e016f ,d10452a0365d11e88fbccdc0dc0120d2 ,1,1,<null>,supplierinvoice_31,0,0,1,86
d70bc260dcba11e8b3be8554970e016f,d5cefca0dcba11e8b3be8554970e016f ,6a0045a0955d11e899f23b1bff7f35c1 ,1,1,<null>,supplierinvoice_75,0,0,1,87
d6f8d6a0dcba11e8b3be8554970e016f,d5cefca0dcba11e8b3be8554970e016f ,9A570DEF154DEF4ABA63472BBCD14C61 ,2,1,<null>,supplierinvoice_80,15,0,2,83
d683f4c0dcba11e8b3be8554970e016f,d5cefca0dcba11e8b3be8554970e016f ,d5c15f20a1c111e8bee3470b63db81b0 ,232,1,"2020-05-31 00:00:00 +0000",supplierinvoice_78,0,0,1191,58
d66ee620dcba11e8b3be8554970e016f,d5cefca0dcba11e8b3be8554970e016f ,F5C1DB587B135A4BB27F5760A731FE70 ,453,1,"2023-01-31 00:00:00 +0000",supplierinvoice_58,2.08,2.08,453,53
d6721a70dcba11e8b3be8554970e016f,d5cefca0dcba11e8b3be8554970e016f ,25E23DAA4829BA438D9EC11A5FEB2D36 ,109,1,"2020-11-30 00:00:00 +0000",supplierinvoice_69,2.08,2.08,109,54
46e7bf80dce311e8b3be8554970e016f,d5cefca0dcba11e8b3be8554970e016f ,1025B14BE3BA0540B82656DC41EC1570 ,37,1,<null>,supplierinvoice_52,125,0,37,90
46eca180dce311e8b3be8554970e016f,d5cefca0dcba11e8b3be8554970e016f ,4044FB575F385949AF0FE3873D4146EB ,10,1,<null>,supplierinvoice_57,125,0,10,91
46f18380dce311e8b3be8554970e016f,d5cefca0dcba11e8b3be8554970e016f ,0DA96F449139CF409936A6A783E28B07 ,8,1,<null>,supplierinvoice_87,125,0,8,92
d65606f0dcba11e8b3be8554970e016f,d5cefca0dcba11e8b3be8554970e016f ,6B16000631EF3F4B9F4C390B5E818F6A ,2500,1,"2021-02-28 00:00:00 +0000",supplierinvoice_69,0.02,0,2500,46
d64bf4d0dcba11e8b3be8554970e016f,d5cefca0dcba11e8b3be8554970e016f ,29A34CA03B87364185742EE151C323FE ,30100,1,"2020-03-31 00:00:00 +0000",CP7002,0,0,30100,43
d64e8ce0dcba11e8b3be8554970e016f,d5cefca0dcba11e8b3be8554970e016f ,08870F245A47C64D97125D0AA86C44A2 ,57000,1,"2020-11-30 00:00:00 +0000",S06,0,0,57000,44
fb70ad40dd8311e8a22ad759b095277d,d5cefca0dcba11e8b3be8554970e016f ,201C6667BE98014794BD5F53E9EBD630 ,1,1,"2021-04-30 00:00:00 +0000",supplierinvoice_84,0,0,1,93
d613a6c0dcba11e8b3be8554970e016f,d5cefca0dcba11e8b3be8554970e016f ,23796B6F927EDF448C747AEE1654E913 ,1000,1,"2020-11-30 00:00:00 +0000",AAGC7008,0.02,0.02,1000,24
cae67590dd8511e8a22ad759b095277d,d5cefca0dcba11e8b3be8554970e016f ,F199EF343341FE40BAEE8FEF40A3D449 ,2,1,"2020-10-31 00:00:00 +0000",supplierinvoice_70,2.33,0,2,93
e26df710dd8011e8a22ad759b095277d,d5cefca0dcba11e8b3be8554970e016f ,4F9A4D158F275F4EA9D14C220D2330CA ,545,1,"2020-04-30 00:00:00 +0000",53238A,38,0,545,87
e2737550dd8011e8a22ad759b095277d,d5cefca0dcba11e8b3be8554970e016f ,1898B4640D07BE42A47D40396E3E0FC3 ,400,1,"2020-11-30 00:00:00 +0000",supplierinvoice_52,0.38,0,400,88
e2783040dd8011e8a22ad759b095277d,d5cefca0dcba11e8b3be8554970e016f ,983a21206dfd11e88503534efd32787c ,25,1,"2020-11-30 00:00:00 +0000",supplierinvoice_61,0,0,25,89
e27e4ac0dd8011e8a22ad759b095277d,d5cefca0dcba11e8b3be8554970e016f ,8FA7D9A55DD72B459346ECB0E8915E60 ,1052,1,"2020-03-31 00:00:00 +0000",71168B,0.38,0,1052,90
e28353d0dd8011e8a22ad759b095277d,d5cefca0dcba11e8b3be8554970e016f ,F44555E174DC6A45ADAFED01A4BCCB69 ,1377,1,"2020-11-30 00:00:00 +0000",17165,0.38,0,1377,91
e28835d0dd8011e8a22ad759b095277d,d5cefca0dcba11e8b3be8554970e016f ,A04D52DB0A6E4041A0E60966CCAA33A2 ,423,1,"2020-11-30 00:00:00 +0000",17166,0.38,0,423,92
8cfc2830dd8311e8a22ad759b095277d,d5cefca0dcba11e8b3be8554970e016f ,D181C464DBC3B049BF3A049CD1774769 ,63100,1,"2022-03-31 00:00:00 +0000",872013,0.01,0.01,63100,92
8d010a30dd8311e8a22ad759b095277d,d5cefca0dcba11e8b3be8554970e016f ,2F19A09FEF6D2E46B641425F37D3CDCB ,36900,1,"2022-03-31 00:00:00 +0000",872015,0.01,0.01,36900,93
d6972ea0dcba11e8b3be8554970e016f,d5cefca0dcba11e8b3be8554970e016f ,467c8820e14c11e7a5872fa61e46d180 ,5800,1,"2022-04-30 00:00:00 +0000",supplierinvoice_1,0,0,5800,63
d69c10a0dcba11e8b3be8554970e016f,d5cefca0dcba11e8b3be8554970e016f ,37694760e14c11e7a5872fa61e46d180 ,31000,1,"2021-09-30 00:00:00 +0000",supplierinvoice_1,0,0,31000,64
46f701c0dce311e8b3be8554970e016f,d5cefca0dcba11e8b3be8554970e016f ,D6892714DB8721428AA3AF4E06B53067 ,300,1,"2022-09-30 00:00:00 +0000",20170915,4,0,300,92
d6523660dcba11e8b3be8554970e016f,d5cefca0dcba11e8b3be8554970e016f ,323B33797F6280479E262244FE792863 ,7150,1,"2021-07-31 00:00:00 +0000",supplierinvoice_71,0.07000000000000001,0,7150,45
d624bdc0dcba11e8b3be8554970e016f,d5cefca0dcba11e8b3be8554970e016f ,952246BDEEE4E846918B5F5D4D774CC6 ,200,1,"2021-03-31 00:00:00 +0000",supplierinvoice_72,0.01,0,100,30
8cf4ae20dd8311e8a22ad759b095277d,d5cefca0dcba11e8b3be8554970e016f ,BB84CB903E382A4C80921C719113B3CF ,11925,1,"2020-06-30 00:00:00 +0000",05DDD056A,0.34,0,12175,93
d5dabc70dcba11e8b3be8554970e016f,d5cefca0dcba11e8b3be8554970e016f ,6FFD7C8F46E9C04F85BF40D8609D62F2 ,800,1,"2020-10-31 00:00:00 +0000",supplierinvoice_52,0.06,0,800,1
d5dd7b90dcba11e8b3be8554970e016f,d5cefca0dcba11e8b3be8554970e016f ,7B25DBC92F3A6C43BC534103D730DF44 ,1050,1,"2020-09-30 00:00:00 +0000",20171009,0.06,0.06,1050,2
4256ac20dd8711e8a22ad759b095277d,d5cefca0dcba11e8b3be8554970e016f ,F2ECB952B28F8B47A0C7E3618029ACA2 ,800,1,"2020-10-31 00:00:00 +0000",DMTA0174001,0,0,800,91
425cc6a0dd8711e8a22ad759b095277d,d5cefca0dcba11e8b3be8554970e016f ,DDBF845A76326F48A363F6ADEC90DA67 ,8600,1,"2020-10-31 00:00:00 +0000",DMTA0174001,0,0,8600,92
4261f6c0dd8711e8a22ad759b095277d,d5cefca0dcba11e8b3be8554970e016f ,313AE9415F23D6459F47D7090B220345 ,3400,1,"2020-10-31 00:00:00 +0000",MTB873002,0,0,3400,93
d6e94640dcba11e8b3be8554970e016f,d5cefca0dcba11e8b3be8554970e016f ,3CFE87F19E375E49876562FAC01A6601 ,1100,1,"2021-02-28 00:00:00 +0000",AMN025C18,0.02,0,1100,80
d6edda20dcba11e8b3be8554970e016f,d5cefca0dcba11e8b3be8554970e016f ,3E83623BD43F13479C5A8CBA906A4FE2 ,100,1,"2021-02-28 00:00:00 +0000",AMN022C18,0.02,0,100,81
424e47b0dd8711e8a22ad759b095277d,d5cefca0dcba11e8b3be8554970e016f ,6F4D269D482B2D4F8E0B74737B8BA7C2 ,58,1,"2020-06-30 00:00:00 +0000",247,0.48,0,58,93
d5ec6fb0dcba11e8b3be8554970e016f,d5cefca0dcba11e8b3be8554970e016f ,1ABA0D1FA1A6E34D907903F7498DA646 ,10,1,"2020-10-31 00:00:00 +0000",MZP026,0.28,0,10,6
